ruta;modulo;b1_count;i1_count;a1_count;c1_count;c3_needed;c3_has_emptystate;b1_hechos;i1_hechos;a1_hechos;c1_hechos;c3_hecho;revisado;estado;revisor;commit;notas
D:\repos\luxuryapp-api\client\angular\src\app\features\accounting\ar\aspel-customer-empresa\aspel-customer-empresa-list.html;accounting;0;0;1;0;1;0;0;0;0;0;0;1;completado;opencode;;C3: empty-state agregado, A1: falso positivo (fallback var css)
D:\repos\luxuryapp-api\client\angular\src\app\features\accounting\ar\catalogo-gastos-fijos\catalogo-gasto-fijo-form.html;accounting;0;0;0;0;1;0;0;0;0;0;0;1;excepcion;;;C3: sub-tablas en form dialog, ya tienen emptymessage con texto, no aplica app-empty-state
D:\repos\luxuryapp-api\client\angular\src\app\features\accounting\ar\catalogo-gastos-fijos\catalogo-gastos-fijos-list.html;accounting;0;0;0;0;1;0;0;0;0;0;0;1;completado;opencode;;C3: agregado emptymessage con app-empty-state
D:\repos\luxuryapp-api\client\angular\src\app\features\accounting\ar\espejo-aspel\projected-expenses-list.html;accounting;0;0;1;0;1;0;0;0;0;0;0;1;completado;opencode;;C3: agregado emptymessage con app-empty-state; A1: falso positivo fallback var
D:\repos\luxuryapp-api\client\angular\src\app\features\accounting\budgeting\expense-catalog-budget\gasto-fijo-presupuesto.html;accounting;0;0;0;0;1;0;0;0;0;0;0;1;excepcion;;;C3: sub-tablas en form dialog, ya tienen manejo de vacío parcial (@if/p-message). No aplica app-empty-state
D:\repos\luxuryapp-api\client\angular\src\app\features\accounting\budgeting\expense-catalog-detail\gasto-fijo-servicios.html;accounting;0;0;0;0;1;0;0;0;0;0;0;1;excepcion;;;C3: sub-tablas en form dialog, ya tienen manejo de vacío parcial (@if/p-message). No aplica app-empty-state
D:\repos\luxuryapp-api\client\angular\src\app\features\accounting\fondeos-y-reporteo\funding\funding-detail.html;accounting;1;0;0;3;1;0;0;0;0;0;0;1;excepcion;opencode;;B1:p-splitButton sin wrapper (excepción), C1:3 p-tag metadatos docs (excepción), C3:ya tiene custom empty state
D:\repos\luxuryapp-api\client\angular\src\app\features\accounting\fondeos-y-reporteo\funding\funding-list.html;accounting;0;0;0;0;1;0;0;0;0;0;0;1;completado;opencode;;C3: agregado emptymessage con app-empty-state
D:\repos\luxuryapp-api\client\angular\src\app\features\accounting\fondeos-y-reporteo\funding\funding-purchase-detail.html;accounting;0;0;0;4;1;0;0;0;0;0;0;1;excepcion;opencode;;C1: 4 p-tag de status en vista detalle (lectura), no aplica status-badge en detail view. C3: sub-tablas en detail view
D:\repos\luxuryapp-api\client\angular\src\app\features\accounting\fondeos-y-reporteo\funding\components\funding-upload-invoices-modal.html;accounting;0;0;0;6;1;0;0;0;0;0;0;1;excepcion;opencode;;C1: 6 p-tag de wizard status (Listo/SinProveedor/etc) — no son EStatus. C3: ya tiene #empty template
D:\repos\luxuryapp-api\client\angular\src\app\features\accounting\fondeos-y-reporteo\funding\components\funding-group-files\funding-group-files.html;accounting;0;1;0;0;1;0;0;0;0;0;0;1;excepcion;opencode;;I1: p-selectButton es toggle UI vista, no form input (falso positivo). C3: ya tiene @if empty state
D:\repos\luxuryapp-api\client\angular\src\app\features\accounting\fondeos-y-reporteo\funding\components\funding-order-invoices\funding-order-invoices.html;accounting;0;0;0;0;1;0;0;0;0;0;0;1;excepcion;opencode;;C3: sub-tabla en detail view (invoice listing dentro de orden)
D:\repos\luxuryapp-api\client\angular\src\app\features\accounting\fondeos-y-reporteo\funding-accounting\funding-accounting-detail.html;accounting;1;0;0;4;1;0;0;0;0;0;0;1;excepcion;opencode;;B1: falso positivo (p-button comentado). C1: 4 p-tag folio fiscal + validacion XML metadata, no EStatus
D:\repos\luxuryapp-api\client\angular\src\app\features\accounting\fondeos-y-reporteo\funding-accounting\funding-accounting-list.html;accounting;0;0;0;0;1;0;0;0;0;0;0;1;completado;opencode;;C3: agregado emptymessage con app-empty-state
D:\repos\luxuryapp-api\client\angular\src\app\features\accounting\fondeos-y-reporteo\sat-funding\components\sat-reconciliation-dialog\sat-reconciliation-dialog.html;accounting;0;0;0;3;1;0;0;0;0;0;0;1;excepcion;opencode;;C1: 3 p-tag metadata resultados (count+estatus SAT+conciliacion). C3: ya tiene #emptymessage
D:\repos\luxuryapp-api\client\angular\src\app\features\accounting\fondeos-y-reporteo\sat-funding\sat-funding-detail\sat-funding-detail.html;accounting;0;0;0;0;1;0;0;0;0;0;0;1;excepcion;opencode;;C3: ya tiene emptymessage. p-dropdown en toolbar no tiene wrapper DS.
D:\repos\luxuryapp-api\client\angular\src\app\features\accounting\fondeos-y-reporteo\sat-funding\sat-funding-list\sat-funding-list.html;accounting;0;0;0;0;1;0;0;0;0;0;0;1;completado;opencode;;C3: agregado emptymessage con app-empty-state
D:\repos\luxuryapp-api\client\angular\src\app\features\accounting\general-ledger\aspel-customer-empresa\aspel-customer-empresa-list.html;accounting;0;0;1;0;1;0;0;0;0;0;0;1;completado;opencode;;A1: falso positivo (fallback #edf1ff). C3: agregado emptymessage con app-empty-state
D:\repos\luxuryapp-api\client\angular\src\app\features\accounting\general-ledger\catalogo-gastos-fijos\catalogo-gasto-fijo-form.html;accounting;0;0;0;0;1;0;0;0;0;0;0;1;excepcion;opencode;;C3: sub-tablas productos y presupuesto ya tienen emptymessage
D:\repos\luxuryapp-api\client\angular\src\app\features\accounting\general-ledger\contabilidad\accounting-catalog\pages\accounting-catalog.html;accounting;0;0;1;0;1;0;0;0;0;0;0;1;excepcion;opencode;;A1: falso positivo fallback #edf1ff. C3: ya tiene emptymessage
D:\repos\luxuryapp-api\client\angular\src\app\features\accounting\general-ledger\contabilidad\aspel-cobranza-haus\aspel-cobranza-haus-debt-detail-modal.html;accounting;0;0;0;1;1;0;0;0;0;0;0;1;excepcion;opencode;;C1: p-tag metadata concepto, no EStatus. C3: sub-tabla detail modal
D:\repos\luxuryapp-api\client\angular\src\app\features\accounting\general-ledger\contabilidad\aspel-cobranza-haus\aspel-cobranza-haus.html;accounting;0;0;0;6;1;0;0;0;0;0;0;1;excepcion;opencode;;C1: 5 metadata p-tags + 1 account status. C3: tablas con @if condicional + info messages
D:\repos\luxuryapp-api\client\angular\src\app\features\accounting\general-ledger\contabilidad\autitoria-cuentas-aspel\autitoria-cuentas-aspel.html;accounting;0;1;0;0;1;0;0;0;0;0;0;1;excepcion;opencode;;I1: p-selectButton toggle UI. C3: tabla en @if + empty manual en @else
D:\repos\luxuryapp-api\client\angular\src\app\features\accounting\general-ledger\contabilidad\cobranza-nativa\pages\audit\financial-audit-log.html;accounting;0;0;0;0;1;0;0;0;0;0;0;1;excepcion;opencode;;C3: ya tiene emptymessage
D:\repos\luxuryapp-api\client\angular\src\app\features\accounting\general-ledger\contabilidad\cobranza-nativa\pages\charge-template-coverage\charge-template-coverage.html;accounting;0;0;0;0;1;0;0;0;0;0;0;1;excepcion;opencode;;C3: ya tiene emptymessage
D:\repos\luxuryapp-api\client\angular\src\app\features\accounting\general-ledger\contabilidad\cobranza-nativa\pages\cobranza-nativa-dashboard\cobranza-nativa-dashboard.html;accounting;0;0;5;3;0;0;0;0;0;0;0;1;excepcion;opencode;;A1: 5 fallbacks var(--ds-*). C1: 3 p-tag metadata tecnica. Sin p-table
D:\repos\luxuryapp-api\client\angular\src\app\features\accounting\general-ledger\contabilidad\cobranza-nativa\pages\initial-balance\initial-balance.html;accounting;0;0;0;0;1;0;0;0;0;0;0;1;excepcion;opencode;;C3: ya tiene emptymessage. p-inputNumber inline no tiene wrapper DS
D:\repos\luxuryapp-api\client\angular\src\app\features\accounting\general-ledger\contabilidad\cobranza-nativa\pages\invoices\invoice-list.html;accounting;0;0;0;0;1;0;0;0;0;0;0;1;excepcion;opencode;;C3: ya tiene emptymessage
D:\repos\luxuryapp-api\client\angular\src\app\features\accounting\general-ledger\contabilidad\cobranza-nativa\pages\late-fee-policies\late-fee-policy-list.html;accounting;0;0;0;0;1;0;0;0;0;0;0;1;excepcion;opencode;;C3: ya tiene emptymessage
D:\repos\luxuryapp-api\client\angular\src\app\features\accounting\general-ledger\contabilidad\cobranza-nativa\pages\ledger\ledger-viewer.html;accounting;0;0;0;0;1;0;0;0;0;0;0;1;excepcion;opencode;;C3: ya tiene emptymessage
D:\repos\luxuryapp-api\client\angular\src\app\features\accounting\general-ledger\contabilidad\cobranza-nativa\pages\native-statement\native-statement.html;accounting;0;0;0;0;1;0;0;0;0;0;0;1;excepcion;opencode;;C3: ya tiene emptymessage + @else
D:\repos\luxuryapp-api\client\angular\src\app\features\accounting\general-ledger\contabilidad\cobranza-nativa\pages\payments\payments.html;accounting;0;0;0;0;1;0;0;0;0;0;0;1;excepcion;opencode;;C3: tabla en @if/@else con empty state UI
D:\repos\luxuryapp-api\client\angular\src\app\features\accounting\general-ledger\contabilidad\cobranza-nativa\pages\period-closures\period-closure-dashboard.html;accounting;0;0;0;0;1;0;0;0;0;0;0;1;excepcion;opencode;;C3: ya tiene emptymessage
D:\repos\luxuryapp-api\client\angular\src\app\features\accounting\general-ledger\contabilidad\cobranza-nativa\pages\property-fines\property-fine-list.html;accounting;0;0;0;1;1;1;0;0;0;0;0;1;excepcion;opencode;;C1: fineStatusLabel dominio. C3: ya tiene app-empty-state
D:\repos\luxuryapp-api\client\angular\src\app\features\accounting\general-ledger\contabilidad\cobranza-nativa\pages\reconciliation\reconciliation-dashboard.html;accounting;0;0;0;0;1;0;0;0;0;0;0;1;excepcion;opencode;;C3: ya tiene emptymessage
D:\repos\luxuryapp-api\client\angular\src\app\features\accounting\general-ledger\contabilidad\cobranza-nativa\pages\regulation-articles\regulation-article-list.html;accounting;0;0;0;2;1;1;0;0;0;0;0;1;excepcion;opencode;;C1: tags static Activo/Inactivo. C3: ya tiene app-empty-state
D:\repos\luxuryapp-api\client\angular\src\app\features\accounting\general-ledger\contabilidad\cobranza-online\pages\analysis\cobranza-online-analysis.html;accounting;2;1;1;1;1;0;0;0;0;0;0;1;excepcion;opencode;;B1: 2 p-button nav. I1: p-select filtro. A1: fallback. C1: metadata. C3: ya tiene emptymessage
D:\repos\luxuryapp-api\client\angular\src\app\features\accounting\general-ledger\contabilidad\cobranza-online\pages\dashboard\cobranza-online-dashboard.html;accounting;6;1;0;0;1;0;0;0;0;0;0;1;excepcion;opencode;;B1: 6 p-button toolbar/nav. I1: input raw. C3: tablas resumen condicionales
D:\repos\luxuryapp-api\client\angular\src\app\features\accounting\general-ledger\contabilidad\cobranza-online\pages\exclusions\cobranza-online-exclusions.html;accounting;0;0;1;0;1;0;0;0;0;0;0;1;completado;opencode;;A1: fallback falso positivo. C3: agregado emptymessage con app-empty-state
D:\repos\luxuryapp-api\client\angular\src\app\features\accounting\general-ledger\contabilidad\cobranza-online\pages\inspection\cobranza-online-inspection-history-modal.html;accounting;1;0;0;0;1;0;0;0;0;0;0;1;excepcion;opencode;;B1: p-button cerrar modal. C3: sub-tabla detail modal
D:\repos\luxuryapp-api\client\angular\src\app\features\accounting\general-ledger\contabilidad\cobranza-online\pages\inspection\cobranza-online-inspection.html;accounting;2;0;1;0;1;0;0;0;0;0;0;1;excepcion;opencode;;B1: 2 p-button nav. A1: fallback. C3: tabla en @if condicional
D:\repos\luxuryapp-api\client\angular\src\app\features\accounting\general-ledger\contabilidad\cobranza-online\pages\presupuesto-contabilidad\presupuesto-contabilidad.html;accounting;1;2;1;0;0;0;0;0;0;0;0;1;excepcion;opencode;;B1: p-button consultar. I1: 2 p-select toolbar. A1: #2563eb style block intencional. Sin p-table
D:\repos\luxuryapp-api\client\angular\src\app\features\accounting\general-ledger\contabilidad\cobranza-online\pages\reporte-financiero\cobranza-online-reporte-financiero.html;accounting;1;3;1;0;0;0;0;0;0;0;0;1;excepcion;opencode;;B1: p-button consultar toolbar. I1: 3 p-select filtros. A1: fallback. Sin p-table (table HTML)
D:\repos\luxuryapp-api\client\angular\src\app\features\accounting\general-ledger\contabilidad\contabilidad-cliente\pages\analisis-cobranza-cliente\analisis-cobranza-cliente.html;accounting;0;1;0;0;1;0;0;0;0;0;0;1;excepcion;opencode;;I1: p-select filtro. C3: tablas subordinadas a data() + 2da ya tiene emptymessage
D:\repos\luxuryapp-api\client\angular\src\app\features\accounting\general-ledger\contabilidad\contabilidad-cliente\pages\bancos-inversiones-cliente\bancos-inversiones-cliente.html;accounting;0;0;0;0;1;0;0;0;0;0;0;1;excepcion;opencode;;C3: sub-tablas en @else if (data()). @else cubre sin datos
D:\repos\luxuryapp-api\client\angular\src\app\features\accounting\general-ledger\contabilidad\contabilidad-cliente\pages\estado-resultados-cliente\estado-resultados-cliente.html;accounting;0;0;0;0;1;0;0;0;0;0;0;1;excepcion;opencode;;C3: tabla en @else condicional, @else if (!rows.length) ya muestra empty
D:\repos\luxuryapp-api\client\angular\src\app\features\accounting\general-ledger\contabilidad\contabilidad-cliente\pages\estado-resultados-v2-cliente\estado-resultados-v2-cliente.html;accounting;0;0;0;0;1;0;0;0;0;0;0;1;excepcion;opencode;;C3: tabla en @else, @else if (!rows.length) ya muestra empty
D:\repos\luxuryapp-api\client\angular\src\app\features\accounting\general-ledger\contabilidad\contabilidad-cliente\pages\flujo-efectivo-cliente\flujo-efectivo-cliente.html;accounting;0;0;0;0;1;0;0;0;0;0;0;1;excepcion;opencode;;C3: @if (!grupos.length) ya muestra empty, tabla condicional
D:\repos\luxuryapp-api\client\angular\src\app\features\accounting\general-ledger\contabilidad\contabilidad-cliente\pages\proyectos-aprobados-cliente\proyectos-aprobados-cliente.html;accounting;0;0;0;0;1;0;0;0;0;0;0;1;excepcion;opencode;;C3: ya tiene emptymessage
D:\repos\luxuryapp-api\client\angular\src\app\features\accounting\general-ledger\contabilidad\contabilidad-online\components\ai-agent\ai-agent.html;accounting;5;1;0;0;0;0;0;0;0;0;0;1;excepcion;opencode;;B1: 5 p-button drawer/chat. I1: pInputText chat. Sin p-table
D:\repos\luxuryapp-api\client\angular\src\app\features\accounting\general-ledger\contabilidad\contabilidad-online\components\ai-agent-contabilidad-online\ai-agent-contabilidad-online.html;accounting;5;1;0;0;0;0;0;0;0;0;0;1;excepcion;opencode;;B1:5 p-button + I1: pInputText drawer chat. Sin p-table
D:\repos\luxuryapp-api\client\angular\src\app\features\accounting\general-ledger\contabilidad\contabilidad-online\components\ai-agent-explicador-contabilidad-online\ai-agent-explicador-contabilidad-online.html;accounting;5;1;0;0;0;0;0;0;0;0;0;1;excepcion;opencode;;B1:5 p-button + I1: pInputText drawer chat. Sin p-table
D:\repos\luxuryapp-api\client\angular\src\app\features\accounting\general-ledger\contabilidad\contabilidad-online\pages\analisis-cobranza\analisis-cobranza.html;accounting;0;1;0;0;1;0;0;0;0;0;0;1;excepcion;opencode;;I1: p-select filtro. C3: 2da tabla ya tiene emptymessage
D:\repos\luxuryapp-api\client\angular\src\app\features\accounting\general-ledger\contabilidad\contabilidad-online\pages\bancos-inversiones\bancos-inversiones.html;accounting;0;0;0;0;1;0;0;0;0;0;0;1;excepcion;opencode;;C3: sub-tablas @else if (data()). @else cubre sin datos
D:\repos\luxuryapp-api\client\angular\src\app\features\accounting\general-ledger\contabilidad\contabilidad-online\pages\cedula-presupuestal\cedula-presupuestal.html;accounting;0;0;0;0;1;0;0;0;0;0;0;1;excepcion;opencode;;C3: @if (!rows().length) ya muestra empty, tabla condicional
D:\repos\luxuryapp-api\client\angular\src\app\features\accounting\general-ledger\contabilidad\contabilidad-online\pages\estado-resultados\estado-resultados.html;accounting;0;0;0;0;1;0;0;0;0;0;0;1;excepcion;opencode;;C3: @else if (!rows().length) ya muestra empty, tabla en @else
D:\repos\luxuryapp-api\client\angular\src\app\features\accounting\general-ledger\contabilidad\contabilidad-online\pages\estado-resultados-v2\estado-resultados-v2.html;accounting;0;0;0;0;1;0;0;0;0;0;0;1;excepcion;opencode;;C3: mismo patron @else if (!rows().length)
D:\repos\luxuryapp-api\client\angular\src\app\features\accounting\general-ledger\contabilidad\contabilidad-online\pages\flujo-efectivo\flujo-efectivo.html;accounting;0;0;1;0;0;0;0;0;0;0;0;1;excepcion;opencode;;A1: #6366f1 intencional header Origen. Sin p-table
D:\repos\luxuryapp-api\client\angular\src\app\features\accounting\general-ledger\contabilidad\contabilidad-online\pages\monthly-balance\balance-mensual.html;accounting;0;1;0;0;1;0;0;0;0;0;0;1;excepcion;opencode;;I1: pInputText year. C3: ya tiene emptymessage + @if (!rows.length)
D:\repos\luxuryapp-api\client\angular\src\app\features\accounting\general-ledger\contabilidad\contabilidad-online\pages\proyectos-aprobados\proyectos-aprobados.html;accounting;0;0;0;0;1;0;0;0;0;0;0;1;excepcion;opencode;;C3: ya tiene emptymessage + @else manual
D:\repos\luxuryapp-api\client\angular\src\app\features\accounting\general-ledger\contabilidad\contabilidad-online\pages\validacion-catalogo\catalog-replica.html;accounting;0;1;0;1;1;0;0;0;0;0;0;1;excepcion;opencode;;I1: pInputText year. C1: p-tag clasificacion. C3: ya tiene emptymessage + @if (!data())
D:\repos\luxuryapp-api\client\angular\src\app\features\accounting\general-ledger\contabilidad\dynamic-reports\pages\report-builder\report-builder.html;accounting;15;5;0;2;0;0;0;0;0;0;0;1;excepcion;opencode;;B1:15 p-button toolbar builder. I1:5 p-select/input filtros. C1:2 p-tag metadata. Sin p-table
D:\repos\luxuryapp-api\client\angular\src\app\features\accounting\general-ledger\contabilidad\dynamic-reports\pages\report-catalog\report-catalog.html;accounting;0;0;0;4;1;0;0;0;0;0;0;1;excepcion;opencode;;C1: 4 p-tag visualizationType. C3: ya tiene emptymessage
D:\repos\luxuryapp-api\client\angular\src\app\features\accounting\general-ledger\contabilidad\dynamic-reports\pages\report-guide\report-guide.html;accounting;0;0;0;1;0;0;0;0;0;0;0;1;excepcion;opencode;;C1: p-tag informativo static. Sin p-table
D:\repos\luxuryapp-api\client\angular\src\app\features\accounting\general-ledger\contabilidad\espejo-aspel-full\espejo-aspel-full.html;accounting;0;1;8;0;1;0;0;0;0;0;0;1;excepcion;opencode;;I1: p-selectButton. A1: 8 colores condicionales hoja. C3: tablas en @if rawData + @else manual
D:\repos\luxuryapp-api\client\angular\src\app\features\accounting\general-ledger\contabilidad\estados-financieros\estado-financiero-list.html;accounting;0;0;1;8;1;1;0;0;0;0;0;1;excepcion;opencode;;A1: fallback. C1: 8 p-tag indicadores paso. C3: ya tiene app-empty-state
D:\repos\luxuryapp-api\client\angular\src\app\features\accounting\general-ledger\contabilidad\master-dashboard\master-dashboard.html;accounting;0;0;3;0;0;0;0;0;0;0;0;1;excepcion;opencode;;Sin violaciones. Dashboard con p-cards + ion-list. Componente limpio.
D:\repos\luxuryapp-api\client\angular\src\app\features\accounting\general-ledger\contabilidad\pendientes-minuta\cont-minuta-seguimientos.html;accounting;0;0;0;0;1;0;0;0;0;0;0;1;completado;opencode;;C3: agregado pTemplate=emptymessage con app-empty-state
D:\repos\luxuryapp-api\client\angular\src\app\features\accounting\general-ledger\contabilidad\pendientes-minuta\minuta-pendientes-list.html;accounting;0;0;0;1;1;1;0;0;0;0;0;1;excepcion;opencode;;C1: p-tag dominio (Pendiente/Completado/Cancelado). Ya tiene emptymessage. Usa DS wrappers. App-data-view-mobile para mobile.
D:\repos\luxuryapp-api\client\angular\src\app\features\accounting\general-ledger\contabilidad\presupuesto-propuesta\budget-execution-details-modal.html;accounting;0;0;0;1;1;0;0;0;0;0;0;1;excepcion;opencode;;C3: @if/@else con empty state manual. C1: p-tag metadata mes. Modal.
D:\repos\luxuryapp-api\client\angular\src\app\features\accounting\general-ledger\contabilidad\presupuesto-propuesta\budget-forecast-dialog.html;accounting;0;0;0;0;1;0;0;0;0;0;0;1;excepcion;opencode;;C3: tabla en @if length>0, sin @else. Dialogo —excepcion.
D:\repos\luxuryapp-api\client\angular\src\app\features\accounting\general-ledger\contabilidad\presupuesto-propuesta\budget-history-dialog.html;accounting;0;0;0;0;1;0;0;0;0;0;0;1;excepcion;opencode;;C3: ya tiene @if/@else con empty state manual
D:\repos\luxuryapp-api\client\angular\src\app\features\accounting\general-ledger\contabilidad\presupuesto-propuesta\budget-support-dialog.html;accounting;0;0;0;1;0;0;0;0;0;0;0;1;excepcion;opencode;;Sin violaciones. Form con DS wrappers. p-tag metadata filename.
D:\repos\luxuryapp-api\client\angular\src\app\features\accounting\general-ledger\contabilidad\presupuesto-propuesta\presupuesto-propuesta.html;accounting;0;3;5;0;1;0;0;0;0;0;0;1;excepcion;opencode;;A1: 3 #ffffff iconos en botones dark (intencional). C3: tabla financiera compleja sin emptymessage (siempre hay datos).
D:\repos\luxuryapp-api\client\angular\src\app\features\accounting\general-ledger\contabilidad\presupuesto-propuesta\budget-rule-list\budget-rule-list.html;accounting;0;0;0;0;1;0;0;0;0;0;0;1;excepcion;opencode;;C3: ya tiene emptymessage template. A1: PrimeFlex classes. Usa DS wrappers + app-data-view-mobile.
D:\repos\luxuryapp-api\client\angular\src\app\features\accounting\general-ledger\contabilidad\presupuesto-web-aspel\espejo-aspel-extraordinarios.html;accounting;0;0;0;0;1;0;0;0;0;0;0;1;excepcion;opencode;;C3: 2 tablas financieras sin emptymessage (siempre hay datos, espejo web aspel). A1: PrimeFlex classes. Componente hoja contable complejo.
D:\repos\luxuryapp-api\client\angular\src\app\features\accounting\general-ledger\contabilidad\presupuesto-web-aspel\espejo-aspel-presupuesto.html;accounting;0;0;0;2;1;0;0;0;0;0;0;1;excepcion;opencode;;C3: ya tiene emptymessage template. C1: p-tag metadata restante/agrupadora. A1: CSS vars. Componente hoja contable.
D:\repos\luxuryapp-api\client\angular\src\app\features\accounting\general-ledger\contabilidad\presupuesto-web-aspel\purchase-history.html;accounting;0;0;1;0;1;0;0;0;0;0;0;1;excepcion;opencode;;C3: ya tiene emptymessage. Usa DS wrappers + app-data-view-mobile.
D:\repos\luxuryapp-api\client\angular\src\app\features\accounting\general-ledger\contabilidad\presupuesto-web-aspel\wrapper.html;accounting;0;1;0;0;0;0;0;0;0;0;0;1;excepcion;opencode;;I1: p-selectButton toolbar navegacion (excepcion conocida). No p-table. DS wrappers.
D:\repos\luxuryapp-api\client\angular\src\app\features\accounting\general-ledger\contabilidad\reporte-envio-financieros\reporte-envio-financieros.html;accounting;0;1;0;0;1;0;0;0;0;0;0;1;completado;opencode;;C3: agregado pTemplate=emptymessage con app-empty-state
D:\repos\luxuryapp-api\client\angular\src\app\features\accounting\general-ledger\contabilidad\resumen-financiero\financial-summary.html;accounting;0;0;0;0;1;0;0;0;0;0;0;1;excepcion;opencode;;Componente template stub (WIP). Tiene emptymessage template. Sin violaciones reales.
D:\repos\luxuryapp-api\client\angular\src\app\features\accounting\general-ledger\espejo-aspel\projected-expenses-list.html;accounting;0;0;1;0;1;1;0;0;0;0;0;1;excepcion;opencode;;C3: ya tiene app-empty-state en emptymessage. Usa DS wrappers + app-data-view-mobile.
D:\repos\luxuryapp-api\client\angular\src\app\features\accounting\general-ledger\expense-catalog-budget\gasto-fijo-presupuesto.html;accounting;0;0;0;0;1;0;0;0;0;0;0;1;excepcion;opencode;;C3: 2 tablas con @if guard + p-message info cuando vacio. DS wrappers.
D:\repos\luxuryapp-api\client\angular\src\app\features\accounting\general-ledger\expense-catalog-detail\gasto-fijo-servicios.html;accounting;0;0;0;0;1;0;0;0;0;0;0;1;completado;opencode;;C3: agregado pTemplate=emptymessage con app-empty-state en 2 tablas
D:\repos\luxuryapp-api\client\angular\src\app\features\accounting\general-ledger\funding\funding-detail.html;accounting;1;0;0;3;1;0;0;0;0;0;0;1;excepcion;opencode;;C1: p-tag metadata docs. I1: p-splitButton toolbar, p-checkbox inline. C3: tablas sub-grupo siempre con datos. Detail view complejo.
D:\repos\luxuryapp-api\client\angular\src\app\features\accounting\general-ledger\funding\funding-list.html;accounting;0;0;0;0;1;0;0;0;0;0;0;1;completado;opencode;;C3: agregado pTemplate=emptymessage con app-empty-state
D:\repos\luxuryapp-api\client\angular\src\app\features\accounting\general-ledger\funding\funding-purchase-detail.html;accounting;0;0;0;4;1;0;0;0;0;0;0;1;excepcion;opencode;;C1: 4 p-tag dominio status OC. C3: sub-tablas detalle siempre con datos. Detail view.
D:\repos\luxuryapp-api\client\angular\src\app\features\accounting\general-ledger\funding\components\funding-upload-invoices-modal.html;accounting;0;0;0;6;1;0;0;0;0;0;0;1;excepcion;opencode;;C3: ya tiene #empty template. C1: p-tag status analisis. I1: p-fileUpload (no wrapper). DS wrappers.
D:\repos\luxuryapp-api\client\angular\src\app\features\accounting\general-ledger\funding\components\funding-group-files\funding-group-files.html;accounting;0;1;0;0;1;0;0;0;0;0;0;1;excepcion;opencode;;C3: tabla sin emptymessage pero @if length===0 externo. I1: p-selectButton view toggle, p-checkbox inline.
D:\repos\luxuryapp-api\client\angular\src\app\features\accounting\general-ledger\funding\components\funding-order-invoices\funding-order-invoices.html;accounting;0;0;0;0;1;0;0;0;0;0;0;1;completado;opencode;;C3: agregado pTemplate=emptymessage con app-empty-state
D:\repos\luxuryapp-api\client\angular\src\app\features\accounting\general-ledger\funding-accounting\funding-accounting-detail.html;accounting;1;0;0;4;1;0;0;0;0;0;0;1;excepcion;opencode;;C1: p-tag metadata folio fiscal y validacion XML. I1: p-checkbox inline. C3: sub-tablas en @for grupo.
D:\repos\luxuryapp-api\client\angular\src\app\features\accounting\general-ledger\sat-funding\components\sat-reconciliation-dialog\sat-reconciliation-dialog.html;accounting;0;0;0;3;1;0;0;0;0;0;0;1;excepcion;opencode;;C3: ya tiene emptymessage. C1: p-tag metadata status. DS wrappers.
D:\repos\luxuryapp-api\client\angular\src\app\features\accounting\general-ledger\sat-funding\sat-funding-detail\sat-funding-detail.html;accounting;0;0;0;0;1;0;0;0;0;0;0;1;excepcion;opencode;;C3: ya tiene emptymessage. I1: p-dropdown toolbar. DS wrappers.
D:\repos\luxuryapp-api\client\angular\src\app\features\accounting\general-ledger\sat-funding\sat-funding-list\sat-funding-list.html;accounting;0;0;0;0;1;0;0;0;0;0;0;1;completado;opencode;;C3: agregado pTemplate=emptymessage con app-empty-state
D:\repos\luxuryapp-api\client\angular\src\app\features\hr\chekador-empleados\pages\chekador-list.html;hr;8;4;0;5;1;0;0;0;0;0;1;1;completado;opencode;;C3: empty-state agregado. B1: p-button, p-image. I1: p-checkbox, pInputText. C1: p-tag anomalia.
D:\repos\luxuryapp-api\client\angular\src\app\features\hr\evaluaciones-de-desempeo\evaluation-template\formulario-plantilla-evaluacion.html;hr;0;2;0;0;0;0;0;0;0;0;1;1;excepcion;opencode;;Sin p-table. Form builder.
D:\repos\luxuryapp-api\client\angular\src\app\features\hr\evaluaciones-de-desempeo\evaluation-template\lista-plantilla-evaluacion.html;hr;0;0;0;1;1;1;0;0;0;0;1;1;excepcion;opencode;;C3: ya tiene app-empty-state.
D:\repos\luxuryapp-api\client\angular\src\app\features\hr\evaluaciones-de-desempeo\evaluation-template\performance-evaluation\lista-evaluacion-realizada.html;hr;0;0;1;0;1;1;0;0;0;0;1;1;excepcion;opencode;;C3: ya tiene app-empty-state.
D:\repos\luxuryapp-api\client\angular\src\app\features\hr\evaluaciones-de-desempeo\evaluation-template\performance-evaluation\realizar-evaluacion.html;hr;0;2;0;0;0;0;0;0;0;0;1;1;excepcion;opencode;;Sin p-table. Form evaluacion.
D:\repos\luxuryapp-api\client\angular\src\app\features\hr\evaluaciones-de-desempeo\evaluation-template\performance-evaluation\resultado-evaluacion.html;hr;0;0;0;3;0;0;0;0;0;0;1;1;excepcion;opencode;;Sin p-table. Detalle reporte.
D:\repos\luxuryapp-api\client\angular\src\app\features\hr\evaluaciones-de-desempeo\hr-catalog\pages\incident-type-list.html;hr;0;0;1;0;1;1;0;0;0;0;1;1;excepcion;opencode;;C3: ya tiene app-empty-state.
D:\repos\luxuryapp-api\client\angular\src\app\features\hr\evaluaciones-de-desempeo\hr-catalog\pages\sanction-type-list.html;hr;0;0;1;0;1;1;0;0;0;0;1;1;excepcion;opencode;;C3: ya tiene app-empty-state.
D:\repos\luxuryapp-api\client\angular\src\app\features\hr\expediente-del-empleado\employees\employee-bank-data\pages\employee-bank-data-list.html;hr;0;0;1;0;1;1;0;0;0;0;1;1;excepcion;opencode;;C3: ya tiene app-empty-state.
D:\repos\luxuryapp-api\client\angular\src\app\features\hr\expediente-del-empleado\employees\employee-clinical-data\pages\employee-clinical-data-list.html;hr;0;0;1;0;1;1;0;0;0;0;1;1;excepcion;opencode;;C3: ya tiene app-empty-state.
D:\repos\luxuryapp-api\client\angular\src\app\features\hr\expediente-del-empleado\employees\employees\pages\card-employee.html;hr;0;0;0;1;0;0;0;0;0;0;1;1;excepcion;opencode;;Sin p-table. Card perfil.
D:\repos\luxuryapp-api\client\angular\src\app\features\hr\expediente-del-empleado\employees\org-chart\org-chart.html;hr;0;0;0;2;0;0;0;0;0;0;1;1;excepcion;opencode;;Sin p-table. Grafico organizacional.
D:\repos\luxuryapp-api\client\angular\src\app\features\hr\expediente-del-empleado\employees\staff-board\staff-board.html;hr;0;0;0;1;1;1;0;0;0;0;1;1;excepcion;opencode;;C3: ya tiene app-empty-state.
D:\repos\luxuryapp-api\client\angular\src\app\features\hr\expediente-del-empleado\hr-employees\employee-bank-data\pages\employee-bank-data-list.html;hr;0;0;1;0;1;1;0;0;0;0;1;1;excepcion;opencode;;Duplicado de employees/employee-bank-data-list.
D:\repos\luxuryapp-api\client\angular\src\app\features\hr\expediente-del-empleado\hr-employees\employee-clinical-data\pages\employee-clinical-data-list.html;hr;0;0;1;0;1;1;0;0;0;0;1;1;excepcion;opencode;;Duplicado de employees/employee-clinical-data-list.
D:\repos\luxuryapp-api\client\angular\src\app\features\hr\expediente-del-empleado\hr-employees\employees\pages\card-employee.html;hr;0;0;0;1;0;0;0;0;0;0;1;1;excepcion;opencode;;Duplicado de employees/card-employee.
D:\repos\luxuryapp-api\client\angular\src\app\features\hr\expediente-del-empleado\hr-employees\org-chart\org-chart.html;hr;0;0;0;2;0;0;0;0;0;0;1;1;excepcion;opencode;;Duplicado de employees/org-chart.
D:\repos\luxuryapp-api\client\angular\src\app\features\hr\expediente-del-empleado\hr-employees\staff-board\staff-board.html;hr;0;0;0;1;1;1;0;0;0;0;1;1;excepcion;opencode;;Duplicado de employees/staff-board.
D:\repos\luxuryapp-api\client\angular\src\app\features\hr\expediente-del-empleado\recursos-humanos\addendum-template\pages\addendum-template-list.html;hr;0;0;1;0;1;1;0;0;0;0;1;1;excepcion;opencode;;C3: ya tiene app-empty-state.
D:\repos\luxuryapp-api\client\angular\src\app\features\hr\expediente-del-empleado\recursos-humanos\admin-vacaciones-balance\admin-vacaciones-balance.html;hr;0;0;1;2;1;0;0;0;0;0;1;1;completado;opencode;;C3: empty-state agregado. B1: p-button. A1: p-tag, p-button. C1: p-table colgroup.
D:\repos\luxuryapp-api\client\angular\src\app\features\hr\expediente-del-empleado\recursos-humanos\calendario-vacaciones-permisos\permiso-detalle-modal.html;hr;0;0;0;1;0;0;0;0;0;0;1;1;excepcion;opencode;;Sin p-table. Modal detalle permiso.
D:\repos\luxuryapp-api\client\angular\src\app\features\hr\expediente-del-empleado\recursos-humanos\calendario-vacaciones-permisos\vacacion-detalle-modal.html;hr;0;0;0;1;0;0;0;0;0;0;1;1;excepcion;opencode;;Sin p-table. Modal detalle vacacion.
D:\repos\luxuryapp-api\client\angular\src\app\features\hr\expediente-del-empleado\recursos-humanos\contract-addendum\pages\contract-addendum-list.html;hr;0;0;1;0;1;1;0;0;0;0;1;1;excepcion;opencode;;C3: ya tiene app-empty-state.
D:\repos\luxuryapp-api\client\angular\src\app\features\hr\expediente-del-empleado\recursos-humanos\contract-template\pages\contract-template-list.html;hr;0;0;1;0;1;1;0;0;0;0;1;1;excepcion;opencode;;C3: ya tiene app-empty-state.
D:\repos\luxuryapp-api\client\angular\src\app\features\hr\expediente-del-empleado\recursos-humanos\employee-bank-data\pages\employee-bank-data-list.html;hr;0;0;1;0;1;1;0;0;0;0;1;1;excepcion;opencode;;C3: ya tiene app-empty-state.
D:\repos\luxuryapp-api\client\angular\src\app\features\hr\expediente-del-empleado\recursos-humanos\employee-file\pages\employee-file-detail.html;hr;0;0;0;8;1;0;0;0;0;0;1;1;excepcion;opencode;;Sin p-table. Stepper detalle empleado.
D:\repos\luxuryapp-api\client\angular\src\app\features\hr\expediente-del-empleado\recursos-humanos\employee-file\pages\employee-file-list.html;hr;0;0;1;0;1;1;0;0;0;0;1;1;excepcion;opencode;;C3: ya tiene app-empty-state.
D:\repos\luxuryapp-api\client\angular\src\app\features\hr\expediente-del-empleado\recursos-humanos\historial-solicitudes\solicitudes-historial.html;hr;0;0;1;2;1;0;0;0;0;0;1;1;completado;opencode;;C3: empty-state agregado. B1: p-button. A1: p-tag, p-button.
D:\repos\luxuryapp-api\client\angular\src\app\features\hr\expediente-del-empleado\recursos-humanos\incidencias-sanciones\incident\pages\incident-list.html;hr;0;0;1;0;1;1;0;0;0;0;1;1;excepcion;opencode;;C3: ya tiene app-empty-state.
D:\repos\luxuryapp-api\client\angular\src\app\features\hr\expediente-del-empleado\recursos-humanos\incidencias-sanciones\incident\pages\incident-dashboard\incident-dashboard.html;hr;0;0;0;0;1;0;0;0;0;0;1;1;excepcion;opencode;;Dashboard sin p-table.
D:\repos\luxuryapp-api\client\angular\src\app\features\hr\expediente-del-empleado\recursos-humanos\incidencias-sanciones\sanction\pages\sanction-list.html;hr;0;0;1;0;1;1;0;0;0;0;1;1;excepcion;opencode;;C3: ya tiene app-empty-state.
D:\repos\luxuryapp-api\client\angular\src\app\features\hr\expediente-del-empleado\recursos-humanos\leave-request\mi-permiso-detalle.html;hr;0;0;0;1;0;0;0;0;0;0;1;1;excepcion;opencode;;Sin p-table. Detalle permiso.
D:\repos\luxuryapp-api\client\angular\src\app\features\hr\expediente-del-empleado\recursos-humanos\leave-request\mis-permisos-listado.html;hr;0;0;1;1;1;1;0;0;0;0;1;1;excepcion;opencode;;C3: ya tiene app-empty-state.
D:\repos\luxuryapp-api\client\angular\src\app\features\hr\expediente-del-empleado\recursos-humanos\leave-request-approval\permiso-detalle-aprobar.html;hr;0;0;0;2;0;0;0;0;0;0;1;1;excepcion;opencode;;Sin p-table. Aprobacion detalle permiso.
D:\repos\luxuryapp-api\client\angular\src\app\features\hr\expediente-del-empleado\recursos-humanos\my-vacation-requests\mis-vacaciones-listado.html;hr;0;0;1;3;1;1;0;0;0;0;1;1;excepcion;opencode;;C3: ya tiene app-empty-state.
D:\repos\luxuryapp-api\client\angular\src\app\features\hr\expediente-del-empleado\recursos-humanos\nomina\nomina-dashboard\nomina-dashboard.html;hr;0;0;0;3;0;0;0;0;0;0;1;1;excepcion;opencode;;Dashboard sin p-table.
D:\repos\luxuryapp-api\client\angular\src\app\features\hr\expediente-del-empleado\recursos-humanos\nomina\pages\incidencias-nomina\incidencias-nomina.html;hr;0;0;1;3;1;1;0;0;0;0;1;1;excepcion;opencode;;C3: ya tiene app-empty-state.
D:\repos\luxuryapp-api\client\angular\src\app\features\hr\expediente-del-empleado\recursos-humanos\nomina\pages\nomina-detalle\nomina-detalle.html;hr;0;0;1;0;1;0;0;0;0;0;1;1;completado;opencode;;C3: empty-state agregado.
D:\repos\luxuryapp-api\client\angular\src\app\features\hr\expediente-del-empleado\recursos-humanos\nomina\pages\nominas\nominas.html;hr;0;0;1;2;1;0;0;0;0;0;1;1;completado;opencode;;C3: empty-state agregado. B1: p-button. A1: p-tag, p-button.
D:\repos\luxuryapp-api\client\angular\src\app\features\hr\expediente-del-empleado\recursos-humanos\nomina\pages\periodos-nomina\periodos-nomina.html;hr;0;0;1;2;1;1;0;0;0;0;1;1;excepcion;opencode;;C3: ya tiene app-empty-state.
D:\repos\luxuryapp-api\client\angular\src\app\features\hr\expediente-del-empleado\recursos-humanos\nomina\pages\periodos-nomina\modal-dias-no-habiles\modal-dias-no-habiles.html;hr;0;0;0;1;1;0;0;0;0;0;1;1;excepcion;opencode;;Sin p-table. Modal interno.
D:\repos\luxuryapp-api\client\angular\src\app\features\hr\expediente-del-empleado\recursos-humanos\nomina\pages\prestamos-empleado\prestamos-empleado.html;hr;0;0;1;2;1;1;0;0;0;0;1;1;excepcion;opencode;;C3: ya tiene app-empty-state.
D:\repos\luxuryapp-api\client\angular\src\app\features\hr\expediente-del-empleado\recursos-humanos\nomina\pages\prestamos-empleado\modal-prestamo-detalle\modal-prestamo-detalle.html;hr;0;0;0;1;1;0;0;0;0;0;1;1;excepcion;opencode;;Sin p-table. Detalle prestamo modal.
D:\repos\luxuryapp-api\client\angular\src\app\features\hr\expediente-del-empleado\recursos-humanos\nomina\pages\tiempo-extra\tiempo-extra.html;hr;0;0;1;2;1;1;0;0;0;0;1;1;excepcion;opencode;;C3: ya tiene app-empty-state.
D:\repos\luxuryapp-api\client\angular\src\app\features\hr\expediente-del-empleado\recursos-humanos\past-vacations\vacaciones-pasadas-registro.html;hr;0;1;0;1;1;0;0;0;0;0;1;1;excepcion;opencode;;Sin p-table. Form registro vacaciones.
D:\repos\luxuryapp-api\client\angular\src\app\features\hr\expediente-del-empleado\recursos-humanos\vacation-balance-admin\vacaciones-admin-auditoria.html;hr;0;0;0;2;1;0;0;0;0;0;1;1;excepcion;opencode;;Sin p-table. Auditoria detalle saldo.
D:\repos\luxuryapp-api\client\angular\src\app\features\hr\expediente-del-empleado\recursos-humanos\vacation-balance-admin\vacaciones-saldo.html;hr;0;0;0;2;1;0;0;0;0;0;1;1;excepcion;opencode;;Sin p-table. Form ajuste saldo.
D:\repos\luxuryapp-api\client\angular\src\app\features\hr\expediente-del-empleado\recursos-humanos\vacation-request-approval\vacacion-solicitud-detalle.html;hr;0;0;0;1;0;0;0;0;0;0;1;1;excepcion;opencode;;Sin p-table. Modal aprobacion vacacion.
D:\repos\luxuryapp-api\client\angular\src\app\features\hr\expediente-del-empleado\recursos-humanos\work-contract\pages\work-contract-list.html;hr;0;0;1;0;1;1;0;0;0;0;1;1;excepcion;opencode;;C3: ya tiene app-empty-state.
D:\repos\luxuryapp-api\client\angular\src\app\features\legal\asuntos-legales-y-seguros\asunto-legal\asunto-legal-lista.html;legal;0;0;1;0;1;1;0;0;0;0;1;1;excepcion;opencode;;C3: ya tiene app-empty-state.
D:\repos\luxuryapp-api\client\angular\src\app\features\legal\asuntos-legales-y-seguros\committee\board-directors-library\biblioteca-consejo-directivo-detalle.html;legal;0;0;0;0;1;0;0;0;0;0;1;1;excepcion;opencode;;C3: ya tiene emptymessage con texto.
D:\repos\luxuryapp-api\client\angular\src\app\features\legal\asuntos-legales-y-seguros\committee\board-directors-meeting-minutes\minutas-reuniones-consejo-directivo-detalle.html;legal;0;0;0;1;0;0;0;0;0;0;1;1;excepcion;opencode;;Sin p-table. Detalle minutas.
D:\repos\luxuryapp-api\client\angular\src\app\features\legal\asuntos-legales-y-seguros\minutas\legal-pendientes-minuta.html;legal;0;0;1;1;1;1;0;0;0;0;1;1;excepcion;opencode;;C3: ya tiene app-empty-state.
D:\repos\luxuryapp-api\client\angular\src\app\features\legal\asuntos-legales-y-seguros\ticket-legal\ticket-legal-lista-cliente.html;legal;0;0;1;2;1;1;0;0;0;0;1;1;excepcion;opencode;;C3: ya tiene app-empty-state + @if guard.
D:\repos\luxuryapp-api\client\angular\src\app\features\legal\asuntos-legales-y-seguros\ticket-legal\ticket-legal-lista.html;legal;0;1;0;1;1;1;0;0;0;0;1;1;excepcion;opencode;;C3: ya tiene app-empty-state.
D:\repos\luxuryapp-api\client\angular\src\app\features\legal\asuntos-legales-y-seguros\ticket-legal\ticket-legal-reportes-externos.html;legal;0;0;5;8;1;1;0;0;0;0;1;1;excepcion;opencode;;C3: tablas envueltas en @if + app-empty-state.
D:\repos\luxuryapp-api\client\angular\src\app\features\legal\asuntos-legales-y-seguros\ticket-legal\ticket-legal-reportes-internos.html;legal;0;0;5;8;1;1;0;0;0;0;1;1;excepcion;opencode;;C3: tablas envueltas en @if + app-empty-state.
D:\repos\luxuryapp-api\client\angular\src\app\features\legal\asuntos-legales-y-seguros\ticket-legal\ticket-legal-reportes-pendientes.html;legal;0;0;4;0;1;1;0;0;0;0;1;1;excepcion;opencode;;C3: @if guard + @else con app-empty-state.
D:\repos\luxuryapp-api\client\angular\src\app\features\maintenance\equipos-y-maquinaria\equipment-inspections\equipment-inspection-definitions-list.html;maintenance;0;0;0;1;1;1;0;0;0;0;1;1;excepcion;opencode;;C3: ya tiene app-empty-state.
D:\repos\luxuryapp-api\client\angular\src\app\features\maintenance\equipos-y-maquinaria\equipment-inspections\equipment-inspection-execution-detail.html;maintenance;0;0;0;4;1;0;0;0;0;0;1;1;excepcion;opencode;;Sin p-table. Detalle ejecucion.
D:\repos\luxuryapp-api\client\angular\src\app\features\maintenance\equipos-y-maquinaria\equipment-inspections\equipment-inspection-execution-history-list.html;maintenance;0;0;0;2;1;0;0;0;0;0;1;1;excepcion;opencode;;C3: ya tiene emptymessage con texto.
D:\repos\luxuryapp-api\client\angular\src\app\features\maintenance\equipos-y-maquinaria\equipment-inspections\equipment-inspection-qr-list.html;maintenance;0;0;0;1;1;0;0;0;0;0;1;1;excepcion;opencode;;C3: ya tiene emptymessage con texto.
D:\repos\luxuryapp-api\client\angular\src\app\features\maintenance\equipos-y-maquinaria\machinery\equipos-list.html;maintenance;0;0;0;1;1;1;0;0;0;0;1;1;excepcion;opencode;;C3: ya tiene app-empty-state.
D:\repos\luxuryapp-api\client\angular\src\app\features\maintenance\equipos-y-maquinaria\machinery\service-history-machinery.html;maintenance;0;0;0;0;1;0;0;0;0;0;1;1;completado;opencode;;C3: empty-state agregado.
D:\repos\luxuryapp-api\client\angular\src\app\features\maintenance\fire-equipment\extinguisher-log\extintor-bitacora-list.html;maintenance;0;0;1;0;1;1;0;0;0;0;1;1;excepcion;opencode;;C3: ya tiene app-empty-state.
D:\repos\luxuryapp-api\client\angular\src\app\features\maintenance\fire-equipment\hydrant-log\hidrante-bitacora-list.html;maintenance;0;0;1;0;1;1;0;0;0;0;1;1;excepcion;opencode;;C3: ya tiene app-empty-state.
D:\repos\luxuryapp-api\client\angular\src\app\features\maintenance\fire-equipment\inspection-periods\cycle-detail\fire-inspection-cycle-detail.html;maintenance;0;0;0;3;0;0;0;0;0;0;1;1;excepcion;opencode;;Sin p-table. Detalle ciclo.
D:\repos\luxuryapp-api\client\angular\src\app\features\maintenance\fire-equipment\inspection-periods\cycle-list\fire-inspection-cycle-list.html;maintenance;0;0;1;0;1;1;0;0;0;0;1;1;excepcion;opencode;;C3: ya tiene app-empty-state.
D:\repos\luxuryapp-api\client\angular\src\app\features\maintenance\fire-equipment\inspection-periods\period-detail-detector\fire-inspection-period-detector-detail.html;maintenance;7;0;0;4;0;0;0;0;0;0;1;1;excepcion;opencode;;Sin p-table. Detalle periodo.
D:\repos\luxuryapp-api\client\angular\src\app\features\maintenance\fire-equipment\inspection-periods\period-detail-estacion\fire-inspection-period-estacion-detail.html;maintenance;7;0;0;4;0;0;0;0;0;0;1;1;excepcion;opencode;;Sin p-table. Detalle periodo.
D:\repos\luxuryapp-api\client\angular\src\app\features\maintenance\fire-equipment\inspection-periods\period-detail-extintor\fire-inspection-period-extintor-detail.html;maintenance;7;0;0;4;0;0;0;0;0;0;1;1;excepcion;opencode;;Sin p-table. Detalle periodo.
D:\repos\luxuryapp-api\client\angular\src\app\features\maintenance\fire-equipment\inspection-periods\period-detail-hidrante\fire-inspection-period-hidrante-detail.html;maintenance;7;0;0;4;0;0;0;0;0;0;1;1;excepcion;opencode;;Sin p-table. Detalle periodo.
D:\repos\luxuryapp-api\client\angular\src\app\features\maintenance\fire-equipment\inspection-periods\period-list\fire-inspection-period-list.html;maintenance;0;0;1;0;1;1;0;0;0;0;1;1;excepcion;opencode;;C3: ya tiene app-empty-state.
D:\repos\luxuryapp-api\client\angular\src\app\features\maintenance\fire-equipment\manual-call-point-log\estacion-manual-bitacora-list.html;maintenance;0;0;1;0;1;1;0;0;0;0;1;1;excepcion;opencode;;C3: ya tiene app-empty-state.
D:\repos\luxuryapp-api\client\angular\src\app\features\maintenance\fire-equipment\smoke-detector-log\detector-humo-bitacora-list.html;maintenance;0;0;1;0;1;1;0;0;0;0;1;1;excepcion;opencode;;C3: ya tiene app-empty-state.
D:\repos\luxuryapp-api\client\angular\src\app\features\maintenance\logs\bitacoras\medidores\medidor-lectura-list.html;maintenance;0;0;1;0;1;1;0;0;0;0;1;1;excepcion;opencode;;C3: ya tiene app-empty-state.
D:\repos\luxuryapp-api\client\angular\src\app\features\maintenance\logs\bitacoras\prestamo-herramienta\prestamo-herramientas-control.html;maintenance;0;0;1;0;1;1;0;0;0;0;1;1;excepcion;opencode;;C3: ya tiene app-empty-state.
D:\repos\luxuryapp-api\client\angular\src\app\features\maintenance\logs\elevator-emergency-call\elevators-emergency-call-list.html;maintenance;0;0;1;0;1;1;0;0;0;0;1;1;excepcion;opencode;;C3: ya tiene app-empty-state.
D:\repos\luxuryapp-api\client\angular\src\app\features\maintenance\logs\elevator-spare-parts\elevator-spare-parts-change-list.html;maintenance;0;0;1;0;1;1;0;0;0;0;1;1;excepcion;opencode;;C3: ya tiene app-empty-state.
D:\repos\luxuryapp-api\client\angular\src\app\features\maintenance\logs\maintenance-log\bitacora-individual.html;maintenance;0;0;0;0;1;0;0;0;0;0;1;1;excepcion;opencode;;Sin p-table. Form bitacora individual.
D:\repos\luxuryapp-api\client\angular\src\app\features\maintenance\logs\maintenance-log\bitacora-mantenimiento.html;maintenance;0;0;0;0;1;0;0;0;0;0;1;1;completado;opencode;;C3: empty-state agregado.
D:\repos\luxuryapp-api\client\angular\src\app\features\maintenance\logs\piscina\piscina-list.html;maintenance;0;0;1;0;1;1;0;0;0;0;1;1;excepcion;opencode;;C3: ya tiene app-empty-state.
D:\repos\luxuryapp-api\client\angular\src\app\features\maintenance\logs\piscina-bitacora\piscina-bitacora-list.html;maintenance;0;0;1;0;1;1;0;0;0;0;1;1;excepcion;opencode;;C3: ya tiene app-empty-state.
D:\repos\luxuryapp-api\client\angular\src\app\features\maintenance\logs\recepcion-pipas-agua\recepcion-pipas-agua-reporte.html;maintenance;0;2;0;0;1;0;0;0;0;0;1;1;completado;opencode;;C3: empty-state agregado.
D:\repos\luxuryapp-api\client\angular\src\app\features\maintenance\logs\tool-loan\tool-list.html;maintenance;0;0;1;0;1;1;0;0;0;0;1;1;excepcion;opencode;;C3: ya tiene app-empty-state.
D:\repos\luxuryapp-api\client\angular\src\app\features\maintenance\planificacin-de-mantenimiento\maintenance-calendar-master\calendario-maestro-form.html;maintenance;0;1;0;0;0;0;0;0;0;0;1;1;excepcion;opencode;;Sin p-table. Form calendario.
D:\repos\luxuryapp-api\client\angular\src\app\features\maintenance\planificacin-de-mantenimiento\maintenance-calendar-master\calendario-maestro-lista.html;maintenance;0;0;1;2;0;0;0;0;0;0;1;1;excepcion;opencode;;Sin p-table. Lista calendarios maestros.
D:\repos\luxuryapp-api\client\angular\src\app\features\maintenance\planificacin-de-mantenimiento\maintenance-calendar-master\calendario-maestro-readonly.html;maintenance;0;0;0;2;0;0;0;0;0;0;1;1;excepcion;opencode;;Sin p-table. Readonly calendario.
D:\repos\luxuryapp-api\client\angular\src\app\features\maintenance\planificacin-de-mantenimiento\maintenance-calendar-master\datos-servicio-form.html;maintenance;0;0;0;1;0;0;0;0;0;0;1;1;excepcion;opencode;;Sin p-table. Form datos servicio.
D:\repos\luxuryapp-api\client\angular\src\app\features\operations\announcements\announcement\announcement-admin-list.html;operations;0;0;1;4;1;1;0;0;0;0;0;1;excepcion;opencode;;C1: p-tag tipo/status dominio. C3: ya tiene app-empty-state. DS wrappers + app-data-view-mobile.
D:\repos\luxuryapp-api\client\angular\src\app\features\operations\announcements\announcement\announcement-analytics.html;operations;0;0;1;0;1;0;0;0;0;0;0;1;excepcion;opencode;;C3: tabla en @else con @if length===0 manual. A1: #fff en avatar inicial. DS wrappers.
D:\repos\luxuryapp-api\client\angular\src\app\features\operations\asambleas-y-planificacin\asamblea-checklist-template\asamblea-checklist-template-list.html;operations;0;0;1;1;1;1;0;0;0;0;0;1;excepcion;opencode;;C1: p-tag Activo/Inactivo. C3: ya tiene app-empty-state. DS wrappers.
D:\repos\luxuryapp-api\client\angular\src\app\features\operations\custom-documents\custom-document\acta-constitutiva-list.html;operations;0;0;1;0;1;0;0;0;0;0;0;1;completado;opencode;;C3: agregado pTemplate=emptymessage con app-empty-state
D:\repos\luxuryapp-api\client\angular\src\app\features\operations\custom-documents\custom-document\asambleas-list.html;operations;0;0;1;0;1;0;0;0;0;0;0;1;completado;opencode;;C3: agregado pTemplate=emptymessage con app-empty-state
D:\repos\luxuryapp-api\client\angular\src\app\features\operations\custom-documents\custom-document\reglamentos-list.html;operations;0;0;1;0;1;0;0;0;0;0;0;1;completado;opencode;;C3: agregado pTemplate=emptymessage con app-empty-state. I1: p-dialog (excepcion)
D:\repos\luxuryapp-api\client\angular\src\app\features\operations\custom-documents\custom-document\special-document-list.html;operations;0;0;1;0;1;0;0;0;0;0;0;1;completado;opencode;;C3: agregado pTemplate=emptymessage con app-empty-state
D:\repos\luxuryapp-api\client\angular\src\app\features\operations\custom-documents\custom-document\policy-contract\policy-contract-list.html;operations;0;0;1;2;1;1;0;0;0;0;0;1;excepcion;opencode;;C1: p-tag tagLabel estado contrato. C3: ya tiene app-empty-state. DS wrappers.
D:\repos\luxuryapp-api\client\angular\src\app\features\operations\dashboard\unified-pending-dashboard.html;operations;0;0;0;3;1;0;0;0;0;0;0;1;excepcion;opencode;;C1: p-tag modulo/status dashboard. C3: ya tiene emptymessage personalizado. DS wrappers.
D:\repos\luxuryapp-api\client\angular\src\app\features\operations\directorios\comite-vigilancia\comite-vigilancia-list.html;operations;0;0;1;0;1;1;0;0;0;0;0;1;excepcion;opencode;;C3: ya tiene app-empty-state. Sin p-tag. DS wrappers.
D:\repos\luxuryapp-api\client\angular\src\app\features\operations\directorios\comite-vigilancia\comites-list.html;operations;0;0;1;0;1;0;0;0;0;0;0;1;completado;opencode;;C3: agregado pTemplate=emptymessage con app-empty-state
D:\repos\luxuryapp-api\client\angular\src\app\features\operations\directorios\employee-external\employee-external-list.html;operations;0;0;1;0;1;1;0;0;0;0;0;1;excepcion;opencode;;C3: ya tiene app-empty-state. DS wrappers.
D:\repos\luxuryapp-api\client\angular\src\app\features\operations\field-service\service-order\ordenes-servicio-list.html;operations;0;0;1;8;1;1;0;0;0;0;0;1;excepcion;opencode;;C1: p-tag tipo mtto, status, conteo. C3: ya tiene app-empty-state. DS wrappers. Vars CSS fallback.
D:\repos\luxuryapp-api\client\angular\src\app\features\operations\field-service\service-order\resumen-ordenes-servicio.html;operations;0;0;0;1;1;0;0;0;0;0;0;1;excepcion;opencode;;C3: tabla en @if dataSignal(). C1: p-tag status. Summary component pequeno.
D:\repos\luxuryapp-api\client\angular\src\app\features\operations\google-calendar\calendar\birthday\cumpleanos-list.html;operations;0;0;0;1;0;0;0;0;0;0;0;1;excepcion;opencode;;Sin p-table. C1: p-tag fecha metadata. @empty state en grid. DS wrappers.
D:\repos\luxuryapp-api\client\angular\src\app\features\operations\google-calendar\calendar\general-anual-mantenimiento\general-anual-mantenimiento.html;operations;0;2;0;0;0;0;0;0;0;0;0;1;excepcion;opencode;;Sin p-table. I1: p-select toolbar filtro. @empty state. Cards + ion-list.
D:\repos\luxuryapp-api\client\angular\src\app\features\operations\google-calendar\calendar\listado-anual-mantenimiento\listado-anual-mantenimiento.html;operations;0;2;1;0;1;1;0;0;0;0;0;1;excepcion;opencode;;C3: ya tiene app-empty-state. I1: p-select toolbar filtro mes. DS wrappers.
D:\repos\luxuryapp-api\client\angular\src\app\features\operations\google-calendar\calendar\mantenimiento-preventivo\cronograma-anual-mantenimiento.html;operations;0;0;0;0;1;0;0;0;0;0;0;1;excepcion;opencode;;C3: tabla cronograma sin emptymessage (reporte). A1: colores hardcodeados en style scoped premium (intencional reporte).
D:\repos\luxuryapp-api\client\angular\src\app\features\operations\google-calendar\google-calendar\google-calendar-form.html;operations;0;1;0;0;0;0;0;0;0;0;0;1;excepcion;opencode;;Sin p-table. I1: p-select hora con template. Form component complejo con p-button nativos.
D:\repos\luxuryapp-api\client\angular\src\app\features\operations\google-calendar\google-calendar\google-calendar.html;operations;0;0;0;1;1;1;0;0;0;0;0;1;excepcion;opencode;;C1: p-tag status dominio. C3: ya tiene app-empty-state. DS wrappers + app-data-view-mobile.
D:\repos\luxuryapp-api\client\angular\src\app\features\operations\inspecciones-y-auditora\inspection\bitacora\mis-inspecciones-ejecutar.html;operations;0;0;0;0;1;0;0;0;0;0;0;1;excepcion;opencode;;C3: tabla ejecucion sin emptymessage (siempre hay datos). I1: p-toggleswitch formulario. DS wrappers.
D:\repos\luxuryapp-api\client\angular\src\app\features\operations\inspecciones-y-auditora\inspection\bitacora\mis-inspecciones-lista.html;operations;0;0;1;0;1;1;0;0;0;0;0;1;excepcion;opencode;;C3: ya tiene app-empty-state. A1: CSS vars. DS wrappers + app-data-view-mobile.
D:\repos\luxuryapp-api\client\angular\src\app\features\operations\inspecciones-y-auditora\inspection\catalogo\catalogo-activo-lista.html;operations;0;0;1;0;1;1;0;0;0;0;0;1;excepcion;opencode;;C3: ya tiene app-empty-state. DS wrappers.
D:\repos\luxuryapp-api\client\angular\src\app\features\operations\inspecciones-y-auditora\inspection\catalogo\catalogo-revisiones-inspeccion.html;operations;0;0;1;0;1;1;0;0;0;0;0;1;excepcion;opencode;;C3: ya tiene app-empty-state. DS wrappers.
D:\repos\luxuryapp-api\client\angular\src\app\features\operations\inspecciones-y-auditora\inspection\lista-inspecciones\lista-inspecciones.html;operations;0;0;1;0;0;0;0;0;0;0;0;1;excepcion;opencode;;Sin p-table. @if/@else con empty state manual. DS wrappers + app-data-view-mobile.
D:\repos\luxuryapp-api\client\angular\src\app\features\operations\inspecciones-y-auditora\reports-mantenance\report-consumos\report-consumos.html;operations;0;0;0;0;1;0;0;0;0;0;0;1;excepcion;opencode;;C3: tabla en @if report(). I1: botones raw en toolbar reporte. DS wrappers. Report page.
D:\repos\luxuryapp-api\client\angular\src\app\features\operations\inspecciones-y-auditora\reports-mantenance\report-entrada-almacen\report-entrada-almacen.html;operations;0;0;0;0;1;0;0;0;0;0;0;1;excepcion;opencode;;C3: tabla reporte sin emptymessage (siempre hay datos). Formato tabla agrupada.
D:\repos\luxuryapp-api\client\angular\src\app\features\operations\inspecciones-y-auditora\reports-mantenance\report-prestamo-herramienta\report-prestamo-herramienta.html;operations;0;0;0;0;1;0;0;0;0;0;0;1;excepcion;opencode;;C3: tabla reporte sin emptymessage (siempre hay datos). Report page.
D:\repos\luxuryapp-api\client\angular\src\app\features\operations\inspecciones-y-auditora\reports-mantenance\report-recorrido-diario\report-recorrido-diario.html;operations;0;0;0;0;1;0;0;0;0;0;0;1;excepcion;opencode;;C3: tabla reporte sin emptymessage (siempre hay datos). Report page.
D:\repos\luxuryapp-api\client\angular\src\app\features\operations\inspecciones-y-auditora\reports-mantenance\report-salida-almacen\report-salida-almacen.html;operations;0;0;0;0;1;0;0;0;0;0;0;1;excepcion;opencode;;C3: tabla reporte sin emptymessage (siempre hay datos). Report page.
D:\repos\luxuryapp-api\client\angular\src\app\features\operations\inspecciones-y-auditora\reports-mantenance\report-solicitud-compra\report-solicitud-compra.html;operations;0;0;0;0;1;0;0;0;0;0;0;1;excepcion;opencode;;C3: 2 tablas con @if guard. Report page.
D:\repos\luxuryapp-api\client\angular\src\app\features\operations\inspecciones-y-auditora\reports-mantenance\report-ticket\report-ticket.html;operations;0;0;0;0;1;0;0;0;0;0;0;1;excepcion;opencode;;C3: 3 tablas reporte. 2da sin emptymessage (siempre hay datos). A1: CSS vars. Report page.
D:\repos\luxuryapp-api\client\angular\src\app\features\operations\inspecciones-y-auditora\reports-mantenance\resumen-mantenimientos\resumen-mantenimientos.html;operations;0;0;0;0;1;0;0;0;0;0;0;1;excepcion;opencode;;C3: tablas reporte con @if guard. Badge classes legacy. Report page.
D:\repos\luxuryapp-api\client\angular\src\app\features\operations\inventarios-y-almacn\inventory-engine-system\inventory-engine-system.html;operations;0;1;0;0;0;0;0;0;0;0;0;1;excepcion;opencode;;Sin p-table. I1: p-select filtro toolbar. DS wrappers.
D:\repos\luxuryapp-api\client\angular\src\app\features\operations\inventarios-y-almacn\product\productos-list.html;operations;0;0;1;0;1;1;0;0;0;0;0;1;excepcion;opencode;;C3: ya tiene app-empty-state. DS wrappers + app-data-view-mobile + fallback CSS var.
D:\repos\luxuryapp-api\client\angular\src\app\features\operations\inventarios-y-almacn\product-entry\product-entry-list.html;operations;0;0;1;0;1;1;0;0;0;0;0;1;excepcion;opencode;;C3: ya tiene app-empty-state. A1: CSS var fallback. DS wrappers.
D:\repos\luxuryapp-api\client\angular\src\app\features\operations\inventarios-y-almacn\product-exit\product-output-list.html;operations;0;1;1;0;1;1;0;0;0;0;0;1;excepcion;opencode;;C3: ya tiene app-empty-state. I1: p-datepicker sin wrapper. DS wrappers.
D:\repos\luxuryapp-api\client\angular\src\app\features\operations\inventarios-y-almacn\stock-por-almacen\warehouse-stock-add.html;operations;0;0;0;0;1;0;0;0;0;0;0;1;excepcion;opencode;;C3: tabla form edicion sin emptymessage (lazy load/form data entry). DS wrappers.
D:\repos\luxuryapp-api\client\angular\src\app\features\operations\inventarios-y-almacn\stock-por-almacen\warehouse-stock-list.html;operations;0;0;1;0;1;1;0;0;0;0;0;1;excepcion;opencode;;C3: ya tiene app-empty-state. A1: fallback. badge bg-* condicional. DS wrappers.
D:\repos\luxuryapp-api\client\angular\src\app\features\operations\inventarios-y-almacn\warehouse\warehouse-list.html;operations;0;0;1;0;1;1;0;0;0;0;0;1;excepcion;opencode;;C3: ya tiene app-empty-state. A1: fallback. DS wrappers + app-data-view-mobile.
D:\repos\luxuryapp-api\client\angular\src\app\features\operations\manuals\biblioteca\financial-report\informe-financiero-list.html;operations;0;0;1;0;0;0;0;0;0;0;0;1;excepcion;opencode;;Sin p-table. @if/@else con empty manual. DS wrappers + app-data-view-mobile.
D:\repos\luxuryapp-api\client\angular\src\app\features\operations\manuals\biblioteca\manuals-and-processes\pages\manuals-and-processes-detail.html;operations;2;0;0;2;0;0;0;0;0;0;0;1;excepcion;opencode;;Sin p-table. B1: p-button en detail view + p-tag metadata. A1: CSS vars DS. C1: p-tag metadata.
D:\repos\luxuryapp-api\client\angular\src\app\features\operations\manuals\biblioteca\manuals-and-processes\pages\manuals-and-processes-list.html;operations;0;0;1;0;0;0;0;0;0;0;0;1;excepcion;opencode;;Sin p-table. @if/@else con empty manual. DS wrappers + app-data-view-mobile.
D:\repos\luxuryapp-api\client\angular\src\app\features\operations\manuals\biblioteca\manuals-and-processes\pages\manuals-and-processes-editor\manuals-and-processes-editor.html;operations;0;1;0;1;0;0;0;0;0;0;0;1;excepcion;opencode;;Sin p-table. B1: p-selectButton toggle + p-fileUpload. I1: raw date input. Editor complejo.
D:\repos\luxuryapp-api\client\angular\src\app\features\operations\manuals\biblioteca\manuals-and-processes\pages\manuals-and-processes-guide\manuals-and-processes-guide.html;operations;2;0;0;4;0;0;0;0;0;0;0;1;excepcion;opencode;;Sin p-table. Guia educativa. p-button/p-panel/p-fieldset/p-card/p-tag UI.
D:\repos\luxuryapp-api\client\angular\src\app\features\operations\meetings\committee\board-directors-library\biblioteca-consejo-directivo-detalle.html;operations;0;0;0;0;1;0;0;0;0;0;0;1;completado;opencode;;C3: remplazado emptymessage texto por app-empty-state.
D:\repos\luxuryapp-api\client\angular\src\app\features\operations\meetings\committee\board-directors-meeting-minutes\minutas-reuniones-consejo-directivo-detalle.html;operations;0;0;0;1;0;0;0;0;0;0;0;1;excepcion;opencode;;Sin p-table. C1: p-tag status detail view. @if guards con empty manual.
D:\repos\luxuryapp-api\client\angular\src\app\features\operations\meetings\juntas-comite\junta-comite-minutas\administration-form-list.html;operations;0;1;0;0;0;0;0;0;0;0;0;1;excepcion;opencode;;Sin p-table. I1: p-select form input. DS wrappers.
D:\repos\luxuryapp-api\client\angular\src\app\features\operations\meetings\juntas-comite\junta-comite-minutas\meeting-detail-form.html;operations;0;0;0;0;1;0;0;0;0;0;0;1;excepcion;opencode;;C3: tabla form detalle sin emptymessage (siempre hay datos). badge classes condicionales.
D:\repos\luxuryapp-api\client\angular\src\app\features\operations\meetings\juntas-comite\junta-comite-minutas\meeting-management.html;operations;0;0;0;3;0;0;0;0;0;0;0;1;excepcion;opencode;;Sin p-table directa. B1: p-tag metadata. app-area-details-table child.
D:\repos\luxuryapp-api\client\angular\src\app\features\operations\meetings\juntas-comite\junta-comite-minutas\minuta-pendientes.html;operations;0;0;0;1;0;0;0;0;0;0;0;1;excepcion;opencode;;Sin p-table. C1: p-tag status severidad. @for loop.
D:\repos\luxuryapp-api\client\angular\src\app\features\operations\meetings\juntas-comite\junta-comite-minutas\minutas-list.html;operations;0;0;1;0;1;1;0;0;0;0;0;1;excepcion;opencode;;C3: ya tiene app-empty-state. B1: p-accordion. DS wrappers + app-data-view-mobile.
D:\repos\luxuryapp-api\client\angular\src\app\features\operations\meetings\juntas-comite\junta-comite-minutas\resumen-minuta.html;operations;0;0;0;1;1;0;0;0;0;0;0;1;excepcion;opencode;;C3: ya tiene custom rich empty state. C1: p-tag status. DS wrappers.
D:\repos\luxuryapp-api\client\angular\src\app\features\operations\meetings\juntas-comite\junta-comite-minutas\seguimiento-minutas.html;operations;0;0;1;2;1;1;0;0;0;0;0;1;excepcion;opencode;;C3: ya tiene app-empty-state. C1: p-tag status inline. DS wrappers + app-data-view-mobile.
D:\repos\luxuryapp-api\client\angular\src\app\features\operations\meetings\juntas-comite\junta-comite-minutas\meeting-area-table\meeting-area-table.html;operations;0;0;0;1;1;0;0;0;0;0;0;1;completado;opencode;;C3: remplazado emptymessage texto por app-empty-state.
D:\repos\luxuryapp-api\client\angular\src\app\features\operations\meetings\juntas-comite\juntas-mensuales-session\junta-mensual-session-checklist-dialog.html;operations;0;1;0;1;1;0;0;0;0;0;0;1;excepcion;opencode;;C3: tabla sub-grupo dialog sin emptymessage. B1: p-button dialog. I1: p-select form input.
D:\repos\luxuryapp-api\client\angular\src\app\features\operations\meetings\juntas-comite\juntas-mensuales-session\juntas-mensuales-session.html;operations;0;0;0;1;1;1;0;0;0;0;0;1;excepcion;opencode;;C3: ya tiene app-empty-state. C1: p-tag metadata. DS wrappers.
D:\repos\luxuryapp-api\client\angular\src\app\features\operations\meetings\juntas-comite\presentacion-junta-comite\presentacion-junta-comite-contador.html;operations;0;0;0;4;0;0;0;0;0;0;0;1;excepcion;opencode;;Sin p-table. @empty state. C1: p-tag metadata. B1: p-fieldset UI. DS wrappers + app-data-view-mobile.
D:\repos\luxuryapp-api\client\angular\src\app\features\operations\meetings\juntas-comite\presentacion-junta-comite\presentacion-junta-comite.html;operations;0;0;0;2;0;0;0;0;0;0;0;1;excepcion;opencode;;Sin p-table. @empty state. C1: p-tag metadata. B1: p-fieldset UI. DS wrappers + app-data-view-mobile.
D:\repos\luxuryapp-api\client\angular\src\app\features\operations\meetings\juntas-mensuales-backfill\juntas-mensuales-backfill.html;operations;0;0;0;5;1;0;0;0;0;0;0;1;excepcion;opencode;;C3: tabla admin tool sin emptymessage (guard @if abajo). C1: p-tag metadata. I1: raw inputs filtro.
D:\repos\luxuryapp-api\client\angular\src\app\features\operations\properties\delivery-reception-catalog\catalogo-descripcion-list.html;operations;0;0;1;0;1;1;0;0;0;0;0;1;excepcion;opencode;;C3: ya tiene app-empty-state. A1: fallback. DS wrappers + app-data-view-mobile.
D:\repos\luxuryapp-api\client\angular\src\app\features\operations\properties\entrega-recepcion\entrega-recepcion-equipos.html;operations;0;0;0;0;1;0;0;0;0;0;0;1;excepcion;opencode;;C3: tabla reporte sin emptymessage. I1: p-checkbox inline en tabla. Report page.
D:\repos\luxuryapp-api\client\angular\src\app\features\operations\properties\entrega-recepcion\entrega-recepcion-herramientas.html;operations;0;0;0;0;1;0;0;0;0;0;0;1;excepcion;opencode;;C3: tabla reporte sin emptymessage. I1: p-checkbox inline en tabla. Report page.
D:\repos\luxuryapp-api\client\angular\src\app\features\operations\properties\entrega-recepcion\entrega-recepcion-hidrantes.html;operations;0;0;0;0;1;0;0;0;0;0;0;1;excepcion;opencode;;C3: tabla reporte sin emptymessage. I1: p-checkbox inline en tabla. Report page.
D:\repos\luxuryapp-api\client\angular\src\app\features\operations\properties\entrega-recepcion\entrega-recepcion-instalaciones.html;operations;0;0;0;0;1;0;0;0;0;0;0;1;excepcion;opencode;;C3: tabla reporte sin emptymessage. I1: p-checkbox inline. Report page.
D:\repos\luxuryapp-api\client\angular\src\app\features\operations\properties\entrega-recepcion\entrega-recepcion-insumos.html;operations;0;0;0;0;1;0;0;0;0;0;0;1;excepcion;opencode;;C3: tabla reporte sin emptymessage. I1: p-checkbox inline. Report page.
D:\repos\luxuryapp-api\client\angular\src\app\features\operations\properties\entrega-recepcion\entrega-recepcion-llaves.html;operations;0;0;0;0;1;0;0;0;0;0;0;1;excepcion;opencode;;C3: tabla reporte sin emptymessage. I1: p-checkbox inline. Report page.
D:\repos\luxuryapp-api\client\angular\src\app\features\operations\properties\entrega-recepcion-check\entrega-recepcion-check.html;operations;0;1;0;3;1;0;0;0;0;0;0;1;excepcion;opencode;;Sin p-table directa. B1: p-accordion + p-tag. I1: p-selectButton toggle. C1: p-tag metadata. Checklist tool.
D:\repos\luxuryapp-api\client\angular\src\app\features\operations\properties\mi-edificio\mi-edificio.html;operations;0;0;0;0;1;0;0;0;0;0;0;1;excepcion;opencode;;C3: tabla en @if data(). I1: p-checkbox form. DS wrappers + app-mi-edificio-mobile.
D:\repos\luxuryapp-api\client\angular\src\app\features\operations\properties\property\property-occupant-manager.html;operations;0;0;0;4;1;0;0;0;0;0;0;1;excepcion;opencode;;C3: tabla en @if occupants(). C1: p-tag metadata. I1: p-checkbox form. DS wrappers.
D:\repos\luxuryapp-api\client\angular\src\app\features\operations\properties\property\propiedades-list.html;operations;0;0;1;0;1;1;0;0;0;0;0;1;excepcion;opencode;;C3: ya tiene app-empty-state. A1: fallback. DS wrappers + app-data-view-mobile.
D:\repos\luxuryapp-api\client\angular\src\app\features\operations\reports\contracts-policies\contracts-policies.html;operations;0;0;0;0;1;0;0;0;0;0;0;1;excepcion;opencode;;C3: tabla reporte sin emptymessage. Report page.
D:\repos\luxuryapp-api\client\angular\src\app\features\operations\reports\estados-financieros\estados-financieros.html;operations;0;0;0;0;1;0;0;0;0;0;0;1;excepcion;opencode;;C3: tabla en @if reportData(). Report page.
D:\repos\luxuryapp-api\client\angular\src\app\features\operations\reports\mantenimiento-presupuesto\gastos-mantenimiento.html;operations;0;0;0;0;1;0;0;0;0;0;0;1;excepcion;opencode;;C3: tabla reporte sin emptymessage. Report page.
D:\repos\luxuryapp-api\client\angular\src\app\features\operations\reports\pending-minutes\pending-minutes.html;operations;0;0;0;0;1;0;0;0;0;0;0;1;excepcion;opencode;;C3: tabla en @if reportData(). Report page.
D:\repos\luxuryapp-api\client\angular\src\app\features\operations\reports\report-meeting\report-meeting.html;operations;0;0;0;0;1;0;0;0;0;0;0;1;excepcion;opencode;;C3: tablas en @if guards condicionales. Sub-tablas por asistencia. Report page.
D:\repos\luxuryapp-api\client\angular\src\app\features\operations\supervision\supervision\agenda-supervision\agenda-supervision.html;operations;0;2;0;0;1;1;0;0;0;0;1;1;excepcion;opencode;;C3: ya tiene emptymessage con app-empty-state. I1/B1: p-multiSelect/p-columnFilter en filtros.
D:\repos\luxuryapp-api\client\angular\src\app\features\operations\supervision\supervision\filtro-minutas-area\filtro-minutas-area.html;operations;0;0;0;0;1;0;0;0;0;0;1;1;completado;opencode;;C3: empty-state agregado
D:\repos\luxuryapp-api\client\angular\src\app\features\operations\supervision\supervision\minutas-resumen\minutas-resumen.html;operations;0;1;0;0;1;0;0;0;0;0;1;1;excepcion;opencode;;C3: dashboard con @if guard, no necesita empty-state
D:\repos\luxuryapp-api\client\angular\src\app\features\operations\supervision\supervision\presentaciones-juntas-comite\presentaciones-juntas-comite.html;operations;1;0;1;0;1;0;0;0;0;0;1;1;completado;opencode;;C3: empty-state agregado
D:\repos\luxuryapp-api\client\angular\src\app\features\operations\supervision\supervision\reporte-tickets\reporte-tickets.html;operations;0;0;0;3;1;0;0;0;0;0;1;1;completado;opencode;;C3: empty-state agregado. C1: p-tag metadatos reporte. B1: p-avatar.
D:\repos\luxuryapp-api\client\angular\src\app\features\operations\supervision\supervision\resultado-general-dashboard\resultado-general-dashboard.html;operations;0;1;0;3;1;0;0;0;0;0;1;1;excepcion;opencode;;C3: dashboard con @if guard. I1: p-multiSelect filtro. C1: p-tag metadatos. B1: p-progressBar.
D:\repos\luxuryapp-api\client\angular\src\app\features\operations\supervision\supervision\resultado-general-evaluacion-areas\resultado-general-evaluacion-areas-detalle.html;operations;0;0;0;1;1;0;0;0;0;0;1;1;excepcion;opencode;;C3: tabla con @if guard y emptymessage texto (old syntax).
D:\repos\luxuryapp-api\client\angular\src\app\features\operations\supervision\supervision\resultado-general-evaluacion-areas\resultado-general-evaluacion-areas.html;operations;0;0;0;0;1;0;0;0;0;0;1;1;completado;opencode;;C3: empty-state agregado
D:\repos\luxuryapp-api\client\angular\src\app\features\operations\supervision\supervision\resultado-general-posicion\resultado-general-posicion.html;operations;0;0;0;0;1;0;0;0;0;0;1;1;excepcion;opencode;;C3: tablas anidadas en dashboard con @if guard
D:\repos\luxuryapp-api\client\angular\src\app\features\operations\supervision\supervision-report\report-supervision.html;operations;0;0;0;1;0;0;0;0;0;0;1;1;excepcion;opencode;;Sin p-table. C1: p-tag metadatos reporte. Manejo de vacío con @if/@else.
D:\repos\luxuryapp-api\client\angular\src\app\features\operations\task-engine\recurring-tasks\instances\daily-task-list\daily-task-list.html;operations;0;0;0;0;1;0;0;0;0;0;1;1;excepcion;opencode;;C3: ya tiene emptymessage con texto (old syntax). HTML con estructura dañada.
D:\repos\luxuryapp-api\client\angular\src\app\features\operations\task-engine\recurring-tasks\instances\recurrence-input\recurrence-input.html;operations;0;5;0;0;0;0;0;0;0;0;1;1;excepcion;opencode;;Sin p-table. I1: p-inputNumber, p-checkbox, p-radioButton, p-select en formulario de recurrencia.
D:\repos\luxuryapp-api\client\angular\src\app\features\operations\task-engine\recurring-tasks\instances\task-instance-list\task-instance-list.html;operations;0;0;1;0;1;1;0;0;0;0;1;1;excepcion;opencode;;C3: ya tiene app-empty-state. A1: sub-table.
D:\repos\luxuryapp-api\client\angular\src\app\features\operations\task-engine\recurring-tasks\templates\task-template-item-form\task-template-item-form.html;operations;0;2;0;0;0;0;0;0;0;0;1;1;excepcion;opencode;;Formulario sin p-table. I1: p-datepicker.
D:\repos\luxuryapp-api\client\angular\src\app\features\operations\task-engine\recurring-tasks\templates\task-template-items\task-template-items.html;operations;0;0;1;0;1;0;0;0;0;0;1;1;excepcion;opencode;;C3: @if guard + emptymessage (old syntax). A1: sub-tabla en template.
D:\repos\luxuryapp-api\client\angular\src\app\features\operations\task-engine\recurring-tasks\templates\task-template-list\task-template-list.html;operations;0;0;1;0;1;1;0;0;0;0;1;1;excepcion;opencode;;C3: ya tiene app-empty-state. A1: sub-table.
D:\repos\luxuryapp-api\client\angular\src\app\features\operations\task-engine\tasks\my-tasks\pages\my-requests-task.html;operations;0;0;1;0;1;0;0;0;0;0;1;1;excepcion;opencode;;C3: tabla con @if guard. A1: sub-table en mobile.
D:\repos\luxuryapp-api\client\angular\src\app\features\operations\task-engine\tasks\reports\pages\task-operation-report.html;operations;0;0;0;0;1;0;0;0;0;0;1;1;excepcion;opencode;;C3: report page con @if guard.
D:\repos\luxuryapp-api\client\angular\src\app\features\operations\task-engine\tasks\reports\pages\task-report-resumen.html;operations;0;0;0;0;1;0;0;0;0;0;1;1;excepcion;opencode;;C3: report page con @if guard y sub-tablas anidadas.
D:\repos\luxuryapp-api\client\angular\src\app\features\operations\task-engine\tasks\reports\pages\task-report-work-plan-preview.html;operations;0;0;0;0;1;0;0;0;0;0;1;1;excepcion;opencode;;C3: preview page con @if guard.
D:\repos\luxuryapp-api\client\angular\src\app\features\operations\task-engine\tasks\reports\pages\task-report-work-plan.html;operations;0;0;0;0;1;0;0;0;0;0;1;1;excepcion;opencode;;C3: tabla con @if guard con length check.
D:\repos\luxuryapp-api\client\angular\src\app\features\operations\task-engine\tasks\send-operation-report\pages\send-operation-report.html;operations;0;0;0;1;1;0;0;0;0;0;1;1;completado;opencode;;C3: empty-state agregado. C1: p-tag destinatarios. B1: p-checkbox inline.
D:\repos\luxuryapp-api\client\angular\src\app\features\operations\task-engine\tasks\task-message\pages\task-form.html;operations;6;0;0;0;0;0;0;0;0;0;1;1;excepcion;opencode;;Formulario sin p-table. B1: p-fileUpload, p-button en editor.
D:\repos\luxuryapp-api\client\angular\src\app\features\operations\task-engine\tasks\task-message\pages\task-pending-board.html;operations;2;0;0;2;0;0;0;0;0;0;1;1;excepcion;opencode;;Sin p-table. B1: p-button. C1: p-tag status. Ya tiene @else con empty state.
D:\repos\luxuryapp-api\client\angular\src\app\features\operations\task-engine\tasks\work-group\pages\task-group-list.html;operations;0;0;0;1;1;1;0;0;0;0;1;1;excepcion;opencode;;C3: ya tiene app-empty-state. C1: p-tag grupo legal.
D:\repos\luxuryapp-api\client\angular\src\app\features\operations\task-engine\tasks\work-group-categories\pages\task-group-category-list.html;operations;0;0;1;0;1;1;0;0;0;0;1;1;excepcion;opencode;;C3: ya tiene app-empty-state. A1: sub-table en mobile.
D:\repos\luxuryapp-api\client\angular\src\app\features\purchasing\po\purchase-link-manager\purchase-link-manager.html;purchasing;0;2;0;2;0;0;0;0;0;0;1;1;excepcion;opencode;;Sin p-table. I1/B1/C1: varias violaciones en manager de enlaces de compra.
D:\repos\luxuryapp-api\client\angular\src\app\features\purchasing\po\purchase-order\orden-compra-list.html;purchasing;0;0;0;2;1;1;0;0;0;0;1;1;excepcion;opencode;;C3: ya tiene app-empty-state.
D:\repos\luxuryapp-api\client\angular\src\app\features\purchasing\po\purchase-order\orden-compra.html;purchasing;0;0;0;2;1;1;0;0;0;0;1;1;excepcion;opencode;;C3: ya tiene app-empty-state.
D:\repos\luxuryapp-api\client\angular\src\app\features\purchasing\po\purchase-order\components\create-orden-compra-wizard\create-orden-compra-wizard.html;purchasing;0;0;0;1;1;0;0;0;0;0;1;1;excepcion;opencode;;C3: wizard con sub-tablas en @if guard.
D:\repos\luxuryapp-api\client\angular\src\app\features\purchasing\po\purchase-order\forms\orden-compra-datos-pago.html;purchasing;0;0;0;1;0;0;0;0;0;0;1;1;excepcion;opencode;;Sin p-table. Formulario.
D:\repos\luxuryapp-api\client\angular\src\app\features\purchasing\po\purchase-order\forms\orden-compra-detalle-add-producto.html;purchasing;0;0;0;0;1;0;0;0;0;0;1;1;excepcion;opencode;;C3: modal add product en wizard.
D:\repos\luxuryapp-api\client\angular\src\app\features\purchasing\po\purchase-order\orden-compra-pagadas\orden-compra-pagadas.html;purchasing;0;1;0;0;1;1;0;0;0;0;1;1;excepcion;opencode;;C3: ya tiene app-empty-state.
D:\repos\luxuryapp-api\client\angular\src\app\features\purchasing\po\purchase-order\orden-compra-presupuesto\orden-compra-presupuesto.html;purchasing;1;0;0;1;1;0;0;0;0;0;1;1;completado;opencode;;C3: empty-state agregado. B1: p-progressSpinner.
D:\repos\luxuryapp-api\client\angular\src\app\features\purchasing\po\purchase-order\parcials\orden-compra-datos-auth-parcial.html;purchasing;2;0;0;0;0;0;0;0;0;0;1;1;excepcion;opencode;;Sin p-table. Parcial auth.
D:\repos\luxuryapp-api\client\angular\src\app\features\purchasing\po\purchase-order\parcials\orden-compra-datos-cotizacion.html;purchasing;1;0;0;0;0;0;0;0;0;0;1;1;excepcion;opencode;;Sin p-table. Parcial cotizacion.
D:\repos\luxuryapp-api\client\angular\src\app\features\purchasing\po\purchase-order\parcials\orden-compra-datos-pago-parcial.html;purchasing;1;0;0;1;0;0;0;0;0;0;1;1;excepcion;opencode;;Sin p-table. Parcial pago.
D:\repos\luxuryapp-api\client\angular\src\app\features\purchasing\po\purchase-order\parcials\orden-compra-facturas-parcial.html;purchasing;0;0;0;4;1;0;0;0;0;0;1;1;excepcion;opencode;;C3: ya tiene emptymessage. C1: p-tag metadatos factura.
D:\repos\luxuryapp-api\client\angular\src\app\features\purchasing\po\purchase-order\parcials\orden-compra-status-parcial.html;purchasing;1;0;0;2;0;0;0;0;0;0;1;1;excepcion;opencode;;Sin p-table. Parcial status.
D:\repos\luxuryapp-api\client\angular\src\app\features\purchasing\pr\cedula-presupuestal\cedula-cliente-list.html;purchasing;0;0;0;2;1;1;0;0;0;0;1;1;excepcion;opencode;;C3: ya tiene app-empty-state.
D:\repos\luxuryapp-api\client\angular\src\app\features\purchasing\pr\cedula-presupuestal\ordenes-compra-cedula-list.html;purchasing;0;0;1;0;1;0;0;0;0;0;1;1;completado;opencode;;C3: empty-state agregado.
D:\repos\luxuryapp-api\client\angular\src\app\features\purchasing\pr\purchase-request\purchase-request-add-product-form.html;purchasing;0;0;0;0;1;0;0;0;0;0;1;1;excepcion;opencode;;C3: modal lazy paginated product selector.
D:\repos\luxuryapp-api\client\angular\src\app\features\purchasing\pr\purchase-request\purchase-request.html;purchasing;0;0;0;1;0;0;0;0;0;0;1;1;excepcion;opencode;;Sin p-table.
D:\repos\luxuryapp-api\client\angular\src\app\features\purchasing\pr\solicitud-compra\product-modal-add.html;purchasing;0;0;0;0;1;0;0;0;0;0;1;1;excepcion;opencode;;C3: tabla en @if guard, modal product selector.
D:\repos\luxuryapp-api\client\angular\src\app\features\purchasing\pr\solicitud-compra\solicitud-compra-presentacion.html;purchasing;0;0;0;0;1;0;0;0;0;0;1;1;excepcion;opencode;;C3: presentation carousel con sub-tablas, datos siempre presentes.
D:\repos\luxuryapp-api\client\angular\src\app\features\purchasing\pr\solicitud-compra\solicitud-compra.html;purchasing;0;0;0;3;0;0;0;0;0;0;1;1;excepcion;opencode;;Sin p-table.
D:\repos\luxuryapp-api\client\angular\src\app\features\purchasing\provider\proveedor-form.html;purchasing;0;1;0;0;0;0;0;0;0;0;1;1;excepcion;opencode;;Sin p-table. Formulario.
D:\repos\luxuryapp-api\client\angular\src\app\features\purchasing\provider\provider-card.html;purchasing;0;0;0;2;0;0;0;0;0;0;1;1;excepcion;opencode;;Sin p-table. Card view.
D:\repos\luxuryapp-api\client\angular\src\app\features\purchasing\provider\provider-list.html;purchasing;0;0;0;3;1;1;0;0;0;0;1;1;excepcion;opencode;;C3: ya tiene app-empty-state.
D:\repos\luxuryapp-api\client\angular\src\app\features\purchasing\provider-quotation\cuadro-comparativo-cotizacion.html;purchasing;0;0;0;0;1;0;0;0;0;0;1;1;excepcion;opencode;;C3: tabla edit form de cotizacion.
D:\repos\luxuryapp-api\client\angular\src\app\features\purchasing\provider-quotation\cuadro-comparativo-list.html;purchasing;0;0;0;0;1;0;0;0;0;0;1;1;excepcion;opencode;;C3: vista comparativa con multiples tablas, datos-driven.
D:\repos\luxuryapp-api\client\angular\src\app\features\purchasing\providers\provider\proveedor-form.html;purchasing;0;1;0;0;0;0;0;0;0;0;1;1;excepcion;opencode;;Duplicado de provider/proveedor-form.
D:\repos\luxuryapp-api\client\angular\src\app\features\purchasing\providers\provider\provider-card.html;purchasing;0;0;0;2;0;0;0;0;0;0;1;1;excepcion;opencode;;Duplicado de provider/provider-card.
D:\repos\luxuryapp-api\client\angular\src\app\features\purchasing\providers\provider\provider-list.html;purchasing;0;0;0;3;1;1;0;0;0;0;1;1;excepcion;opencode;;Duplicado de provider/provider-list.
D:\repos\luxuryapp-api\client\angular\src\app\features\purchasing\purchases\cedula-presupuestal\cedula-cliente-list.html;purchasing;0;0;0;2;1;1;0;0;0;0;1;1;excepcion;opencode;;Duplicado de pr/cedula-cliente-list.
D:\repos\luxuryapp-api\client\angular\src\app\features\purchasing\purchases\cedula-presupuestal\ordenes-compra-cedula-list.html;purchasing;0;0;1;0;1;0;0;0;0;0;1;1;completado;opencode;;Duplicado de pr/ordenes-compra-cedula-list. C3: empty-state agregado.
D:\repos\luxuryapp-api\client\angular\src\app\features\purchasing\purchases\purchase-link-manager\purchase-link-manager.html;purchasing;0;2;0;2;0;0;0;0;0;0;1;1;excepcion;opencode;;Duplicado de po/purchase-link-manager.
D:\repos\luxuryapp-api\client\angular\src\app\features\purchasing\purchases\purchase-order\orden-compra-list.html;purchasing;0;0;0;2;1;1;0;0;0;0;1;1;excepcion;opencode;;Duplicado de po/orden-compra-list.
D:\repos\luxuryapp-api\client\angular\src\app\features\purchasing\purchases\purchase-order\orden-compra.html;purchasing;0;0;0;2;1;1;0;0;0;0;1;1;excepcion;opencode;;Duplicado de po/orden-compra.
D:\repos\luxuryapp-api\client\angular\src\app\features\purchasing\purchases\purchase-order\components\create-orden-compra-wizard\create-orden-compra-wizard.html;purchasing;0;0;0;1;1;0;0;0;0;0;1;1;excepcion;opencode;;Duplicado de po/create-orden-compra-wizard.
D:\repos\luxuryapp-api\client\angular\src\app\features\purchasing\purchases\purchase-order\forms\orden-compra-datos-pago.html;purchasing;0;0;0;1;0;0;0;0;0;0;1;1;excepcion;opencode;;Duplicado de po/orden-compra-datos-pago.
D:\repos\luxuryapp-api\client\angular\src\app\features\purchasing\purchases\purchase-order\forms\orden-compra-detalle-add-producto.html;purchasing;0;0;0;0;1;0;0;0;0;0;1;1;excepcion;opencode;;Duplicado de po/orden-compra-detalle-add-producto.
D:\repos\luxuryapp-api\client\angular\src\app\features\purchasing\purchases\purchase-order\orden-compra-pagadas\orden-compra-pagadas.html;purchasing;0;1;0;0;1;1;0;0;0;0;1;1;excepcion;opencode;;Duplicado de po/orden-compra-pagadas.
D:\repos\luxuryapp-api\client\angular\src\app\features\purchasing\purchases\purchase-order\orden-compra-presupuesto\orden-compra-presupuesto.html;purchasing;1;0;0;1;1;0;0;0;0;0;1;1;completado;opencode;;Duplicado de po/orden-compra-presupuesto. C3: empty-state agregado.
D:\repos\luxuryapp-api\client\angular\src\app\features\purchasing\purchases\purchase-order\parcials\orden-compra-datos-auth-parcial.html;purchasing;2;0;0;0;0;0;0;0;0;0;1;1;excepcion;opencode;;Duplicado de po/orden-compra-datos-auth-parcial.
D:\repos\luxuryapp-api\client\angular\src\app\features\purchasing\purchases\purchase-order\parcials\orden-compra-datos-cotizacion.html;purchasing;1;0;0;0;0;0;0;0;0;0;1;1;excepcion;opencode;;Duplicado de po/orden-compra-datos-cotizacion.
D:\repos\luxuryapp-api\client\angular\src\app\features\purchasing\purchases\purchase-order\parcials\orden-compra-datos-pago-parcial.html;purchasing;1;0;0;1;0;0;0;0;0;0;1;1;excepcion;opencode;;Duplicado de po/orden-compra-datos-pago-parcial.
D:\repos\luxuryapp-api\client\angular\src\app\features\purchasing\purchases\purchase-order\parcials\orden-compra-facturas-parcial.html;purchasing;0;0;0;4;1;0;0;0;0;0;1;1;excepcion;opencode;;Duplicado de po/orden-compra-facturas-parcial.
D:\repos\luxuryapp-api\client\angular\src\app\features\purchasing\purchases\purchase-order\parcials\orden-compra-status-parcial.html;purchasing;1;0;0;2;0;0;0;0;0;0;1;1;excepcion;opencode;;Duplicado de po/orden-compra-status-parcial.
D:\repos\luxuryapp-api\client\angular\src\app\features\purchasing\purchases\purchase-request\purchase-request-add-product-form.html;purchasing;0;0;0;0;1;0;0;0;0;0;1;1;excepcion;opencode;;Duplicado de pr/purchase-request-add-product-form.
D:\repos\luxuryapp-api\client\angular\src\app\features\purchasing\purchases\purchase-request\purchase-request.html;purchasing;0;0;0;1;0;0;0;0;0;0;1;1;excepcion;opencode;;Duplicado de pr/purchase-request.
D:\repos\luxuryapp-api\client\angular\src\app\features\purchasing\purchases\solicitud-compra\product-modal-add.html;purchasing;0;0;0;0;1;0;0;0;0;0;1;1;excepcion;opencode;;Duplicado de pr/product-modal-add.
D:\repos\luxuryapp-api\client\angular\src\app\features\purchasing\purchases\solicitud-compra\solicitud-compra-presentacion.html;purchasing;0;0;0;0;1;0;0;0;0;0;1;1;excepcion;opencode;;Duplicado de pr/solicitud-compra-presentacion.
D:\repos\luxuryapp-api\client\angular\src\app\features\purchasing\purchases\solicitud-compra\solicitud-compra.html;purchasing;0;0;0;3;0;0;0;0;0;0;1;1;excepcion;opencode;;Duplicado de pr/solicitud-compra.
D:\repos\luxuryapp-api\client\angular\src\app\features\purchasing\quotes\provider-quotation\cuadro-comparativo-cotizacion.html;purchasing;0;0;0;0;1;0;0;0;0;0;1;1;excepcion;opencode;;Duplicado de provider-quotation/cuadro-comparativo-cotizacion.
D:\repos\luxuryapp-api\client\angular\src\app\features\purchasing\quotes\provider-quotation\cuadro-comparativo-list.html;purchasing;0;0;0;0;1;0;0;0;0;0;1;1;excepcion;opencode;;Duplicado de provider-quotation/cuadro-comparativo-list.
D:\repos\luxuryapp-api\client\angular\src\app\features\recruitment\estructura-organizacional\work-position\pages\work-position-list.html;recruitment;0;0;0;1;1;1;0;0;0;0;1;1;excepcion;opencode;;C3: ya tiene app-empty-state.
D:\repos\luxuryapp-api\client\angular\src\app\features\recruitment\reclutamiento-y-altas-bajas\reclutamiento-solicitudes\recruitment-requests\pages\solicitud-alta-list.html;recruitment;0;0;0;1;1;1;0;0;0;0;1;1;excepcion;opencode;;C3: ya tiene app-empty-state.
D:\repos\luxuryapp-api\client\angular\src\app\features\recruitment\reclutamiento-y-altas-bajas\reclutamiento-solicitudes\request-dismissal\pages\solicitud-baja-list.html;recruitment;0;0;0;1;1;1;0;0;0;0;1;1;excepcion;opencode;;C3: ya tiene app-empty-state + @if guard.
D:\repos\luxuryapp-api\client\angular\src\app\features\recruitment\reclutamiento-y-altas-bajas\reclutamiento-solicitudes\salary-modification\pages\solicitud-modificacion-list.html;recruitment;0;0;0;1;1;1;0;0;0;0;1;1;excepcion;opencode;;C3: ya tiene app-empty-state.
D:\repos\luxuryapp-api\client\angular\src\app\features\recruitment\reclutamiento-y-altas-bajas\reclutamiento-solicitudes\vacancy-requests\components\vacante-detail-modal.html;recruitment;0;0;0;1;0;0;0;0;0;0;1;1;excepcion;opencode;;Sin p-table. Modal detalle vacante.
D:\repos\luxuryapp-api\client\angular\src\app\features\recruitment\reclutamiento-y-altas-bajas\reclutamiento-solicitudes\vacancy-requests\components\vacante-form.html;recruitment;0;1;0;0;0;0;0;0;0;0;1;1;excepcion;opencode;;Sin p-table. Form vacante.
D:\repos\luxuryapp-api\client\angular\src\app\features\recruitment\reclutamiento-y-altas-bajas\reclutamiento-solicitudes\vacancy-requests\pages\vacantes-list.html;recruitment;0;0;0;1;1;1;0;0;0;0;1;1;excepcion;opencode;;C3: ya tiene app-empty-state.
D:\repos\luxuryapp-api\client\angular\src\app\features\recruitment\reclutamiento-y-altas-bajas\recruitment-client-requests\solicitudes-cliente-list.html;recruitment;0;0;0;1;1;0;0;0;0;0;1;1;completado;opencode;;C3: empty-state agregado.
D:\repos\luxuryapp-api\client\angular\src\app\features\system\access\application-role\pages\roles-list.html;system;0;0;1;0;1;1;0;0;0;0;1;1;excepcion;opencode;;C3: ya tiene app-empty-state.
D:\repos\luxuryapp-api\client\angular\src\app\features\system\access\audit-entries\audit-entries.html;system;0;0;0;2;1;1;0;0;0;0;1;1;excepcion;opencode;;C3: ya tiene app-empty-state.
D:\repos\luxuryapp-api\client\angular\src\app\features\system\access\module-app\pages\module-app-list.html;system;0;0;0;1;1;1;0;0;0;0;1;1;excepcion;opencode;;C3: ya tiene app-empty-state.
D:\repos\luxuryapp-api\client\angular\src\app\features\system\access\module-app-rol\pages\module-app-rol-list.html;system;0;0;1;1;1;0;0;0;0;0;1;1;excepcion;opencode;;C3: tabla envuelta en @if (dataSignal()) guard.
D:\repos\luxuryapp-api\client\angular\src\app\features\system\access\user-profile\update-user-photo.html;system;1;0;0;0;0;0;0;0;0;0;1;1;excepcion;opencode;;Sin p-table. Form upload foto.
D:\repos\luxuryapp-api\client\angular\src\app\features\system\access\vault-secrets\vault-secrets-list.html;system;0;0;1;0;1;1;0;0;0;0;1;1;excepcion;opencode;;C3: ya tiene app-empty-state.
D:\repos\luxuryapp-api\client\angular\src\app\features\system\ai\ai-knowledge-base\ai-knowledge-base-list.html;system;0;0;1;0;1;1;0;0;0;0;1;1;excepcion;opencode;;C3: ya tiene app-empty-state.
D:\repos\luxuryapp-api\client\angular\src\app\features\system\ai\ia-test\ia-test.component.html;system;1;0;0;0;0;0;0;0;0;0;1;1;excepcion;opencode;;Sin p-table. Componente test.
D:\repos\luxuryapp-api\client\angular\src\app\features\system\ai\knowledge-base\ai-knowledge-base-list.html;system;0;0;1;0;1;1;0;0;0;0;1;1;excepcion;opencode;;Duplicado de ai/ai-knowledge-base-list.
D:\repos\luxuryapp-api\client\angular\src\app\features\system\approval-rules\pages\approval-rules.html;system;0;1;0;0;1;0;0;0;0;0;1;1;excepcion;opencode;;Matrix config. p-selectButton cells, no aplica empty-state.
D:\repos\luxuryapp-api\client\angular\src\app\features\system\asamblea-checklist-template\asamblea-checklist-template-list.html;system;0;0;1;1;1;1;0;0;0;0;1;1;excepcion;opencode;;C3: ya tiene app-empty-state.
D:\repos\luxuryapp-api\client\angular\src\app\features\system\audit-logs\access-history\bitacora-acceso-list.html;system;0;0;0;0;1;0;0;0;0;0;1;1;excepcion;opencode;;C3: ya tiene emptymessage con texto en ambas tablas. Mobile con empty state.
D:\repos\luxuryapp-api\client\angular\src\app\features\system\audit-logs\brevo\brevo-email-logs.html;system;0;1;0;1;1;0;0;0;0;0;1;1;excepcion;opencode;;C3: ya tiene pTemplate=emptymessage con app-icon.
D:\repos\luxuryapp-api\client\angular\src\app\features\system\audit-logs\log-api-report\log-api-report.html;system;0;0;0;2;1;1;0;0;0;0;1;1;excepcion;opencode;;C3: ya tiene app-empty-state.
D:\repos\luxuryapp-api\client\angular\src\app\features\system\audit-logs\user-activity-history\user-activity-history.html;system;0;0;1;4;1;0;0;0;0;0;1;1;excepcion;opencode;;C3: ya tiene #emptymessage con texto.
D:\repos\luxuryapp-api\client\angular\src\app\features\system\catalogs\approval-rules\pages\approval-rules.html;system;0;1;0;0;1;0;0;0;0;0;1;1;excepcion;opencode;;Duplicado de system/approval-rules/pages.
D:\repos\luxuryapp-api\client\angular\src\app\features\system\catalogs\catalog-component-ui\catalog-layout\catalog-layout.html;system;2;0;0;1;0;0;0;0;0;0;1;1;excepcion;opencode;;Layout, sin p-table con data dinamica.
D:\repos\luxuryapp-api\client\angular\src\app\features\system\catalogs\catalog-component-ui\pages\catalog-guia\catalog-guia.html;system;10;5;0;5;1;0;0;0;0;0;1;1;excepcion;opencode;;Tablas estaticas demo, siempre pobladas.
D:\repos\luxuryapp-api\client\angular\src\app\features\system\catalogs\catalog-component-ui\pages\catalog-web\components\web-ai-patterns\web-ai-patterns.html;system;1;0;0;0;0;0;0;0;0;0;1;1;excepcion;opencode;;Sin p-table. Demo web.
D:\repos\luxuryapp-api\client\angular\src\app\features\system\catalogs\catalog-component-ui\pages\catalog-web\components\web-erp-patterns\web-erp-patterns.html;system;8;6;0;0;0;0;0;0;0;0;1;1;excepcion;opencode;;Sin p-table. Demo web.
D:\repos\luxuryapp-api\client\angular\src\app\features\system\catalogs\cfdi-use\pages\cfdi-use-list.html;system;0;0;1;0;1;1;0;0;0;0;1;1;excepcion;opencode;;C3: ya tiene app-empty-state.
D:\repos\luxuryapp-api\client\angular\src\app\features\system\catalogs\machinery-classification\machinery-classification-list.html;system;0;0;1;0;1;1;0;0;0;0;1;1;excepcion;opencode;;C3: ya tiene app-empty-state.
D:\repos\luxuryapp-api\client\angular\src\app\features\system\catalogs\meter-category\meter-category-list.html;system;0;0;1;0;1;1;0;0;0;0;1;1;excepcion;opencode;;C3: ya tiene app-empty-state.
D:\repos\luxuryapp-api\client\angular\src\app\features\system\catalogs\payment-method\pages\payment-method-list.html;system;0;0;1;0;1;1;0;0;0;0;1;1;excepcion;opencode;;C3: ya tiene app-empty-state.
D:\repos\luxuryapp-api\client\angular\src\app\features\system\catalogs\payment-type\payment-type-list.html;system;0;0;1;0;1;1;0;0;0;0;1;1;excepcion;opencode;;C3: ya tiene app-empty-state.
D:\repos\luxuryapp-api\client\angular\src\app\features\system\catalogs\product-category\product-category-list.html;system;0;0;1;0;1;1;0;0;0;0;1;1;excepcion;opencode;;C3: ya tiene app-empty-state.
D:\repos\luxuryapp-api\client\angular\src\app\features\system\catalogs\units-of-measurement\unit-of-measurement-list.html;system;0;0;1;0;1;1;0;0;0;0;1;1;excepcion;opencode;;C3: ya tiene app-empty-state.
D:\repos\luxuryapp-api\client\angular\src\app\features\system\debug\mini-postman\mini-postman.html;system;7;6;0;0;0;0;0;0;0;0;1;1;excepcion;opencode;;Sin p-table. Mini-postman debug tool.
D:\repos\luxuryapp-api\client\angular\src\app\features\system\gestin-de-cliente\customer\pages\customer-images.html;system;1;0;0;0;0;0;0;0;0;0;1;1;excepcion;opencode;;Galeria imagenes, sin p-table.
D:\repos\luxuryapp-api\client\angular\src\app\features\system\gestin-de-cliente\customer-data-company\customer-data-company-list.html;system;0;0;1;0;1;1;0;0;0;0;1;1;excepcion;opencode;;C3: ya tiene app-empty-state.
D:\repos\luxuryapp-api\client\angular\src\app\features\system\gestin-de-cliente\customer-modul\pages\customer-modul-list.html;system;0;0;0;4;1;0;0;0;0;0;1;1;completado;opencode;;C3: empty-state agregado.
D:\repos\luxuryapp-api\client\angular\src\app\features\system\gestin-de-cliente\delivery-reception-catalog\catalogo-descripcion-list.html;system;0;0;1;0;1;1;0;0;0;0;1;1;excepcion;opencode;;C3: ya tiene app-empty-state.
D:\repos\luxuryapp-api\client\angular\src\app\features\system\gestin-de-cliente\email-data\email-data-list.html;system;0;0;1;0;1;1;0;0;0;0;1;1;excepcion;opencode;;C3: ya tiene app-empty-state.
D:\repos\luxuryapp-api\client\angular\src\app\features\system\infrastructure\communication\brevo\brevo-email-logs.html;system;0;1;0;1;1;0;0;0;0;0;1;1;excepcion;opencode;;Duplicado de audit-logs/brevo/brevo-email-logs.
D:\repos\luxuryapp-api\client\angular\src\app\features\system\infrastructure\communication\email-data\email-data-list.html;system;0;0;1;0;1;1;0;0;0;0;1;1;excepcion;opencode;;Duplicado de gestin-de-cliente/email-data/email-data-list.
D:\repos\luxuryapp-api\client\angular\src\app\features\system\infrastructure\debug\ia-test\ia-test.component.html;system;1;0;0;0;0;0;0;0;0;0;1;1;excepcion;opencode;;Duplicado de ai/ia-test.
D:\repos\luxuryapp-api\client\angular\src\app\features\system\infrastructure\debug\mini-postman\mini-postman.html;system;7;6;0;0;0;0;0;0;0;0;1;1;excepcion;opencode;;Duplicado de debug/mini-postman.
D:\repos\luxuryapp-api\client\angular\src\app\features\system\infrastructure\maintenance\juntas-mensuales-backfill\juntas-mensuales-backfill.html;system;0;0;0;5;1;0;0;0;0;0;1;1;excepcion;opencode;;C3: tiene @if (!items().length && !loading()) manual fuera de p-table.
D:\repos\luxuryapp-api\client\angular\src\app\features\system\infrastructure\samples\demo-app\demo-app.html;system;31;8;1;17;1;0;0;0;0;0;1;1;excepcion;opencode;;Tablas estaticas demo, siempre pobladas. Una ya tiene emptymessage.
D:\repos\luxuryapp-api\client\angular\src\app\features\system\infrastructure\security\vault\password-manager\pages\password-list.html;system;0;0;1;0;1;1;0;0;0;0;1;1;excepcion;opencode;;Duplicado de system/vault/password-manager/pages/password-list.
D:\repos\luxuryapp-api\client\angular\src\app\features\system\infrastructure\settings\settings-menu\vault-secrets\vault-secrets-list.html;system;0;0;1;0;1;1;0;0;0;0;1;1;excepcion;opencode;;Duplicado de access/vault-secrets/vault-secrets-list.
D:\repos\luxuryapp-api\client\angular\src\app\features\system\vault\password-manager\pages\password-list.html;system;0;0;1;0;1;1;0;0;0;0;1;1;excepcion;opencode;;C3: ya tiene app-empty-state.
